n,seed,dim_full,mean_full,max_full,min_full,elapsed_time
1,82,3,0.28745179443633845,0.4136843930515825,0.13540138245083694,0.15482470000279136
1,15,3,0.01807176770213206,0.02834066008064626,0.00033946160370560454,0.16401790000963956
1,4,3,1.4855820246358549,2.4240745897765534,0.020702681815645513,0.1604566000023624
1,95,3,0.03794434934094344,0.05320184437512338,0.014003275159021977,0.13143889998900704
1,36,3,0.897895606635435,1.1615013647214159,0.46310966839800405,0.13336569999228232
1,32,3,0.39894825699692565,0.6516597146200558,0.12480211488413216,0.14443149999715388
1,29,3,1.0066491229287047,1.3844986872879044,0.45493620043647176,0.14933689999452326
1,18,3,0.33884927635758594,0.4716543122309996,0.10884391453016913,0.14846949999628123
1,95,3,0.03794434934094344,0.05320184437512338,0.014003275159021977,0.14456879999488592
1,14,3,0.8753006947394016,1.0606828344645514,0.5727130418210253,0.14073970000026748
1,87,3,1.7633332806146083,2.4379233922880967,1.014191035841631,0.132562600003439
1,95,3,0.03794434934094344,0.05320184437512338,0.014003275159021977,0.14756489999126643
1,70,3,2.264085838534284,2.6944923798077864,1.9968792448876176,0.14309879999200348
1,12,3,0.27897558108079856,0.3242595035878079,0.19708520870726462,0.13707880000583827
1,76,3,0.23636693248354212,0.30022585404536495,0.1832550735893164,0.13599080000130925
1,55,3,1.0294156991144021,1.4274499092856623,0.5672137522028746,0.30592640000395477
1,5,3,1.1382310821415187,1.4069460572783037,0.8176104068620093,0.3035974000085844
1,4,3,1.4855820246358549,2.4240745897765534,0.020702681815645513,0.28430719999596477
1,12,3,0.27897558108079856,0.3242595035878079,0.19708520870726462,0.12471380000351928
1,28,3,0.1382969808285184,0.1939989723948529,0.053182326255305064,0.12736220000078902
1,30,3,0.08621018329918706,0.11755232730941605,0.05038186181806469,0.11889939999673516
1,65,3,0.29627775917737936,0.4181280757798628,0.09838784647710537,0.11653709999518469
1,78,3,0.02096842506319857,0.029322128577861938,0.01419506308295998,0.1239454000024125
1,4,3,1.4855820246358549,2.4240745897765534,0.020702681815645513,0.11419449999812059
1,72,3,0.37228595883814175,0.5375254263763958,0.1602473800986425,0.11252110000350513
1,26,3,2.1213899161829537,3.3995185285625524,1.1339258535051153,0.11790779999864753
1,92,3,1.161424584982949,1.5910238118023876,0.5474450939051494,0.1176975999987917
1,84,3,0.5968458914629527,0.7776556476478788,0.35173205354948195,0.11983029999828432
1,90,3,0.20127262981570015,0.280615256163416,0.04951629489234054,0.12247420000494458
1,70,3,2.264085838534284,2.6944923798077864,1.9968792448876176,0.12215480000304524
1,54,3,0.0723233294569393,0.07811267896996309,0.06679946337708018,0.11549969999759924
1,29,3,1.0066491229287047,1.3844986872879044,0.45493620043647176,0.11496380000608042
1,58,3,2.5990210815317605,3.4302379157124507,1.6617150167559958,0.11805319999984931
1,76,3,0.23636693248354212,0.30022585404536495,0.1832550735893164,0.1162283000012394
1,36,3,0.897895606635435,1.1615013647214159,0.46310966839800405,0.12586190000001807
1,1,3,0.4872585846149346,0.6718923590055724,0.1778030612610396,0.12104919999546837
1,98,3,0.480992353210024,0.596066547291131,0.42085639058215796,0.12497889999940526
1,21,3,0.3083072518028011,0.4629687812670617,0.19822806097118445,0.12293030000000726
1,90,3,0.20127262981570015,0.280615256163416,0.04951629489234054,0.1201293999911286
1,55,3,1.0294156991144021,1.4274499092856623,0.5672137522028746,0.11775809999380726
1,44,3,0.12731744340481496,0.19362230055664717,0.012252978536005035,0.11714719999872614
1,36,3,0.897895606635435,1.1615013647214159,0.46310966839800405,0.11625530000310391
1,20,3,0.14281242056436086,0.2301042987035383,0.0684545827718492,0.11991690000286326
1,28,3,0.1382969808285184,0.1939989723948529,0.053182326255305064,0.11836599999514874
1,98,3,0.480992353210024,0.596066547291131,0.42085639058215796,0.12088149999908637
1,44,3,0.12731744340481496,0.19362230055664717,0.012252978536005035,0.12382409999554511
1,14,3,0.8753006947394016,1.0606828344645514,0.5727130418210253,0.11834669999370817
1,12,3,0.27897558108079856,0.3242595035878079,0.19708520870726462,0.12065779999829829
1,49,3,1.8332872486991165,2.261565497880653,1.5832743316698972,0.11704520000785124
1,13,3,0.30555022881372523,0.42180079381303437,0.17553384159778854,0.11935160000575706
1,46,3,0.5563605100040497,0.8563335658952792,0.308896316365072,0.11943729998893104
1,45,3,1.3465081166123578,1.8711378576821267,0.698417245110161,0.11907359999895561
1,78,3,0.02096842506319857,0.029322128577861938,0.01419506308295998,0.11884599999757484
1,34,3,0.3085595104726874,0.4262597094974171,0.19633320543876148,0.12306410000019241
1,6,3,0.5397060426346485,0.7989969974673381,0.023769165011370944,0.12296110000170302
1,94,3,1.0162999577880292,1.404541649367608,0.5762518173926595,0.12215280000236817
1,59,3,0.003138909506283972,0.004846608262881423,6.405160376979076e-05,0.12159699999028817
1,69,3,1.7523715253699976,2.5252541828505497,0.44253291267642125,0.12013179999485146
1,16,3,0.4571201781736596,0.6156530576934899,0.21192854793303292,0.12313409999478608
1,49,3,1.8332872486991165,2.261565497880653,1.5832743316698972,0.12121090000437107
1,11,3,0.03790377817845369,0.057581980769693425,0.0004942683050118869,0.11979799999971874
1,71,3,0.2937975974616763,0.3406382021152282,0.2691517557305684,0.12052159999439027
1,38,3,0.692929143870962,1.0408918395390576,0.22139370644581427,0.12764720000268426
1,81,3,0.621841890579343,0.8594876205960437,0.3258001447821816,0.12062979998881929
1,80,3,0.4382009740163096,0.7409156844834799,0.18325272725230385,0.12229860000661574
1,47,3,1.871332083292991,2.276105672075048,1.3559153071582222,0.11698920000344515
1,74,3,0.4198645827424863,0.6107644236042334,0.04657225861827587,0.11812230000214186
1,25,3,0.7790563611186117,1.0048081858970976,0.5622716680479637,0.11931129998993129
1,91,3,0.22660867809667803,0.2792876709604813,0.1943235468759185,0.1196495999902254
1,9,3,3.075652669935652,4.052095532135613,2.448522534994958,0.11781650000193622
1,6,3,0.5397060426346485,0.7989969974673381,0.023769165011370944,0.1224099999963073
1,85,3,0.019292301405937143,0.028465360741501328,0.014305615060021894,0.12266800001088995
1,30,3,0.08621018329918706,0.11755232730941605,0.05038186181806469,0.12225129999569617
1,99,3,0.6450116294675995,0.9038886794292498,0.12970899459201243,0.11971030000131577
1,38,3,0.692929143870962,1.0408918395390576,0.22139370644581427,0.11945270000433084
1,11,3,0.03790377817845369,0.057581980769693425,0.0004942683050118869,0.11874580000585411
1,30,3,0.08621018329918706,0.11755232730941605,0.05038186181806469,0.1189827000052901
1,13,3,0.30555022881372523,0.42180079381303437,0.17553384159778854,0.11990550000336953
1,49,3,1.8332872486991165,2.261565497880653,1.5832743316698972,0.12093740000273101
1,36,3,0.897895606635435,1.1615013647214159,0.46310966839800405,0.1232680000102846
1,59,3,0.003138909506283972,0.004846608262881423,6.405160376979076e-05,0.11895879999792669
1,82,3,0.28745179443633845,0.4136843930515825,0.13540138245083694,0.11816650000400841
1,47,3,1.871332083292991,2.276105672075048,1.3559153071582222,0.12132330000167713
1,21,3,0.3083072518028011,0.4629687812670617,0.19822806097118445,0.11819489998742938
1,48,3,0.8263067294979877,1.2581180379126975,0.014637298706469517,0.1216705999977421
1,46,3,0.5563605100040497,0.8563335658952792,0.308896316365072,0.12078029999975115
1,27,3,0.0006143194416247406,0.0008794292654795076,0.00023381283924391822,0.12268530001165345
1,86,3,1.4905038843251728,2.0451967459395797,0.9388121944484391,0.13047560000268277
1,35,3,0.4438569538032981,0.6944953548070003,0.0009684724184846883,0.12093509999976959
1,90,3,0.20127262981570015,0.280615256163416,0.04951629489234054,0.11634020000929013
1,88,3,0.09287575119581622,0.13707107387862008,0.01564498474828072,0.12042310000106227
1,83,3,1.2914884578084243,1.8124376298376161,0.4202213556623973,0.12059740000404418
1,10,3,0.55000607523793,0.8048057205100578,0.08204449737407449,0.12150470000051428
1,78,3,0.02096842506319857,0.029322128577861938,0.01419506308295998,0.12040139999589883
1,82,3,0.28745179443633845,0.4136843930515825,0.13540138245083694,0.11627520000911318
1,22,3,0.0682952417042752,0.0756093732344957,0.05903182628311359,0.12385180000273976
1,69,3,1.7523715253699976,2.5252541828505497,0.44253291267642125,0.12103959999512881
1,94,3,1.0162999577880292,1.404541649367608,0.5762518173926595,0.12144370000169147
1,32,3,0.39894825699692565,0.6516597146200558,0.12480211488413216,0.11963489999470767
1,21,3,0.3083072518028011,0.4629687812670617,0.19822806097118445,0.11934440000914037
2,82,15,0.00872232256379963,0.016640226583544596,0.0026568061989658566,0.3891818999982206
2,15,15,0.022446513453972795,0.03296690911789962,0.009826747805549685,0.3882955999870319
2,4,15,0.007158568829892466,0.012174899464502984,0.0029001732463827447,0.3780222000059439
2,95,15,0.004445615882807797,0.0073645925487596945,0.001985708113204916,0.3828930000017863
2,36,15,0.004054040610005667,0.006904529635234444,0.0022773034782353646,0.38411999998788815
2,32,15,0.006692765838699332,0.01328001661557921,0.004625186673558141,0.3875736999907531
2,29,15,0.003021840374747333,0.004633124636773687,0.0016729814905772798,0.3937922999903094
2,18,15,0.014799657537378774,0.025489580719832067,0.006187804644282265,0.37437790000694804
2,95,15,0.004445615882807797,0.0073645925487596945,0.001985708113204916,0.3775695999938762
2,14,15,0.0043231584554844415,0.006354881052610758,0.001731037334664413,0.3820364999992307
2,87,15,0.019273011142736177,0.036566906615470914,0.0070696990023530895,0.3805588999966858
2,95,15,0.004445615882807797,0.0073645925487596945,0.001985708113204916,0.3814832999923965
2,70,15,0.010622837626673246,0.01959430443951476,0.004826054454677613,0.38082950000534765
2,12,15,0.02015056597247754,0.032413077962078,0.010649295232820469,0.3589621999999508
2,76,15,0.02783980020019063,0.03931970460788797,0.0068022442166773755,0.36104300001170486
2,55,15,0.005609109155788911,0.00869234250297356,0.0028669335141033726,0.3599491000059061
2,5,15,0.008550110500766685,0.012620189887227731,0.003779513662857356,0.36333530000410974
2,4,15,0.007158568829892466,0.012174899464502984,0.0029001732463827447,0.3682898999977624
2,12,15,0.02015056597247754,0.032413077962078,0.010649295232820469,0.3604278999991948
2,28,15,0.017607874527674972,0.0309554648394247,0.007919142179692152,0.362901199987391
2,30,15,0.021684169067089157,0.05069225334626401,0.009075002172545215,0.36434620000363793
2,65,15,0.010549787142733743,0.015848914673613716,0.0026070188219750974,0.3611372000013944
2,78,15,0.005997487393916139,0.011166241407356128,0.0017769118250771112,0.3633527999918442
2,4,15,0.007158568829892466,0.012174899464502984,0.0029001732463827447,0.36378319999494124
2,72,15,0.0033966297976767324,0.004936578400607031,0.0011881346525940695,0.3604308000067249
2,26,15,0.017382698870584,0.02998701183432442,0.008045798155503284,0.3612881000008201
2,92,15,0.006318056958225055,0.010158978879318332,0.0016360163084698052,0.3658752000046661
2,84,15,0.006677987852146712,0.014118779581379786,0.0017895898619417106,0.36202899999625515
2,90,15,0.00999980879138637,0.016677143265981773,0.0022160565822523506,0.3602390000014566
2,70,15,0.010622837626673246,0.01959430443951476,0.004826054454677613,0.36162910000712145
2,54,15,0.013770593113378422,0.025355390609902294,0.00434287853232622,0.3588402000023052
2,29,15,0.003021840374747333,0.004633124636773687,0.0016729814905772798,0.36141509999288246
2,58,15,0.006865015937399649,0.015142732356626843,0.003376617247674804,0.3645200000028126
2,76,15,0.02783980020019063,0.03931970460788797,0.0068022442166773755,0.36518989999603946
2,36,15,0.004054040610005667,0.006904529635234444,0.0022773034782353646,0.3628536000032909
2,1,15,0.008056517619498431,0.01681199816420811,0.0023542528781550203,0.35703230000217445
2,98,15,0.008856301871133244,0.015411262836781457,0.004743191493107519,0.3614962999999989
2,21,15,0.011454626197849866,0.021481382788407284,0.005034500014694572,0.36141179999685846
2,90,15,0.00999980879138637,0.016677143265981773,0.0022160565822523506,0.3623911000031512
2,55,15,0.005609109155788911,0.00869234250297356,0.0028669335141033726,0.35956070000247564
2,44,15,0.02789385070144353,0.05021061987390487,0.010316577312258867,0.3671269999904325
2,36,15,0.004054040610005667,0.006904529635234444,0.0022773034782353646,0.3592086999997264
2,20,15,0.045505591699110455,0.07316313552663803,0.02366631417836855,0.35984150000149384
2,28,15,0.017607874527674972,0.0309554648394247,0.007919142179692152,0.3613340000010794
2,98,15,0.008856301871133244,0.015411262836781457,0.004743191493107519,0.3612728000007337
2,44,15,0.02789385070144353,0.05021061987390487,0.010316577312258867,0.35876800000551157
2,14,15,0.0043231584554844415,0.006354881052610758,0.001731037334664413,0.3612571999983629
2,12,15,0.02015056597247754,0.032413077962078,0.010649295232820469,0.3596925000019837
2,49,15,0.02173166817093598,0.03372378471840439,0.0049735428257164935,0.358250199991744
2,13,15,0.008498957157580258,0.02075731706156079,0.0023638917753039997,0.36379229999147356
2,46,15,0.01028177438055971,0.015024655378697512,0.004890607366868929,0.3605841000098735
2,45,15,0.005521155260483298,0.011493821849447824,0.0026581633634438265,0.36614969999936875
2,78,15,0.005997487393916139,0.011166241407356128,0.0017769118250771112,0.3604421000054572
2,34,15,0.009345765479576416,0.019879139197692994,0.003801059455347474,0.3648772000015015
2,6,15,0.05347929654213587,0.0876897782248873,0.033701399582199816,0.3625030999974115
2,94,15,0.009651765519708462,0.018894923983598134,0.0036876847555005385,0.3594673000043258
2,59,15,0.005933371895832733,0.009360660242229767,0.0007294188410307053,0.36158650000288617
2,69,15,0.005823321742624509,0.01022735151070425,0.0014536459315287833,0.3644480999937514
2,16,15,0.002751224427873302,0.004453485242262545,0.0009118959991862338,0.360874000005424
2,49,15,0.02173166817093598,0.03372378471840439,0.0049735428257164935,0.358982499994454
2,11,15,0.04590053824158098,0.08417647091980424,0.015590711178214825,0.36343009999836795
2,71,15,0.01492134437095526,0.028007874642583717,0.007663506899220421,0.36209080000116955
2,38,15,0.01425842383814141,0.024532538517336184,0.0027829612022795295,0.3602509999909671
2,81,15,0.0048687112815939786,0.01072098516782468,0.0024646295441726096,0.36049750000529457
2,80,15,0.031185084511995486,0.04679121016294047,0.0065104755558050235,0.3586673999961931
2,47,15,0.008884102243753344,0.017363132139032178,0.004103384902506961,0.35847089999879245
2,74,15,0.008295388714597864,0.013901413931636245,0.002256939324964491,0.3619310999929439
2,25,15,0.006026008572426313,0.009924406213668125,0.003079287158972986,0.36046309999073856
2,91,15,0.012099585480259734,0.021312724505487178,0.0012066423649510593,0.360645900000236
2,9,15,0.012111419726581214,0.024716315448216276,0.002752576332725914,0.3600540000043111
2,6,15,0.05347929654213587,0.0876897782248873,0.033701399582199816,0.3644879000057699
2,85,15,0.013731280246625363,0.023071969856713774,0.006683749620517981,0.36512870001024567
2,30,15,0.021684169067089157,0.05069225334626401,0.009075002172545215,0.3629400999925565
2,99,15,0.024564021341364324,0.04661260482566791,0.010258558798791112,0.3617727999953786
2,38,15,0.01425842383814141,0.024532538517336184,0.0027829612022795295,0.3677573999884771
2,11,15,0.04590053824158098,0.08417647091980424,0.015590711178214825,0.3630367000005208
2,30,15,0.021684169067089157,0.05069225334626401,0.009075002172545215,0.35828260000562295
2,13,15,0.008498957157580258,0.02075731706156079,0.0023638917753039997,0.36474900000030175
2,49,15,0.02173166817093598,0.03372378471840439,0.0049735428257164935,0.36111329999403097
2,36,15,0.004054040610005667,0.006904529635234444,0.0022773034782353646,0.36157760000787675
2,59,15,0.005933371895832733,0.009360660242229767,0.0007294188410307053,0.3757127999997465
2,82,15,0.00872232256379963,0.016640226583544596,0.0026568061989658566,0.36223460000474006
2,47,15,0.008884102243753344,0.017363132139032178,0.004103384902506961,0.36106050001399126
2,21,15,0.011454626197849866,0.021481382788407284,0.005034500014694572,0.362947500005248
2,48,15,0.02967795299158894,0.04904687675352549,0.013620289557726175,0.3585492999991402
2,46,15,0.01028177438055971,0.015024655378697512,0.004890607366868929,0.3632292999973288
2,27,15,0.024009449150313222,0.05335948951639029,0.009596177834834562,0.3594696000072872
2,86,15,0.00610182987992133,0.012488635861145667,0.001899043083112712,0.363968699995894
2,35,15,0.0021149392641877695,0.004219906544432081,0.0005897924362807121,0.36404010000114795
2,90,15,0.00999980879138637,0.016677143265981773,0.0022160565822523506,0.3617948000028264
2,88,15,0.01928164212392532,0.03193510680352511,0.005073494247414377,0.35942870000144467
2,83,15,0.007725425504984081,0.012031651911215201,0.0016084835077170047,0.3637808999919798
2,10,15,0.007274804110656025,0.014314746058445732,0.002552956671729909,0.3601716999983182
2,78,15,0.005997487393916139,0.011166241407356128,0.0017769118250771112,0.35952959999849554
2,82,15,0.00872232256379963,0.016640226583544596,0.0026568061989658566,0.3694309999991674
2,22,15,0.003648974734926479,0.006122244731452324,0.001203737167071096,0.363251400005538
2,69,15,0.005823321742624509,0.01022735151070425,0.0014536459315287833,0.3619460000045365
2,94,15,0.009651765519708462,0.018894923983598134,0.0036876847555005385,0.3646969999972498
2,32,15,0.006692765838699332,0.01328001661557921,0.004625186673558141,0.35855479999736417
2,21,15,0.011454626197849866,0.021481382788407284,0.005034500014694572,0.36071810001158156
3,82,63,0.00012289230343217748,0.0002467436221005162,3.8428924131518446e-05,1.4287126999988686
3,15,63,8.356685140933813e-05,0.000164696235202291,4.843470508118668e-05,1.419205400001374
3,4,63,0.00025580768972075657,0.0003999994740178263,0.00014499258340103867,1.4221074000088265
3,95,63,0.00015188200206569892,0.00031941449922935785,6.015081489915203e-05,1.4193626000051154
3,36,63,0.00011767736937408932,0.0002670784087146939,5.694086428891637e-05,1.4180873000004794
3,32,63,0.0001760626621326947,0.00045714002984615997,7.893732977846377e-05,1.4257192999939434
3,29,63,0.00014383582554264993,0.0003955309499621384,6.274415747473188e-05,1.4189791000098921
3,18,63,8.240072536659583e-05,0.00022716187833178271,2.6441525762392153e-05,1.4218689999979688
3,95,63,0.00015188200206569892,0.00031941449922935785,6.015081489915203e-05,1.4158940000052098
3,14,63,0.00020484944290416273,0.0008251171617640745,9.439674984234393e-05,1.41859650000697
3,87,63,0.0002941123426270171,0.0005733240329251053,0.00012325938162549007,1.4136040000012144
3,95,63,0.00015188200206569892,0.00031941449922935785,6.015081489915203e-05,1.4197277999919606
3,70,63,0.00015496377402034162,0.0003492445026677328,8.511795392197829e-05,1.4252620000042953
3,12,63,0.00010939502006935474,0.00021039148593649068,4.636942423834276e-05,1.4209072000085143
3,76,63,0.00032175844219846025,0.0005889249280756273,0.0001312710821121444,1.4147230000089621
3,55,63,0.00012005893733048722,0.00023956683535619587,6.1033682861063955e-05,1.4105754000047455
3,5,63,5.714591291706118e-05,0.00016080262682903967,2.5764307528022398e-05,1.4248747999954503
3,4,63,0.00025580768972075657,0.0003999994740178263,0.00014499258340103867,1.4648215000052005
3,12,63,0.00010939502006935474,0.00021039148593649068,4.636942423834276e-05,1.4488311000022804
3,28,63,0.00030962924365344444,0.000861516945272689,0.00014788270688026212,1.4360099999903468
3,30,63,7.183733118623017e-05,0.00017208478686171267,3.6540660089643595e-05,1.4370818000024883
3,65,63,7.91393530372357e-05,0.00015790143302308563,2.2867497329411658e-05,1.413228600009461
3,78,63,0.00036902979527084364,0.0007634681721851873,0.00020218877485180979,1.408481300008134
3,4,63,0.00025580768972075657,0.0003999994740178263,0.00014499258340103867,1.4122693999961484
3,72,63,0.0004869755654628824,0.0010039437209162993,0.0002628934080838598,1.416690900005051
3,26,63,8.686388131781568e-05,0.00026323279188849235,3.980756407381486e-05,1.4148188000108348
3,92,63,0.0001519460833565055,0.00025506377299401594,8.011397482621928e-05,1.4178880999970715
3,84,63,0.00010905049551649564,0.00029052461376401716,3.496162874381389e-05,2.01556569999957
3,90,63,0.00011382155217220853,0.00026239997161642774,5.0079963991554156e-05,2.1385028999939095
3,70,63,0.00015496377402034162,0.0003492445026677328,8.511795392197829e-05,1.5322738000104437
3,54,63,0.00012916403625563665,0.0002961728687864005,5.5492509336663845e-05,1.497971000004327
3,29,63,0.00014383582554264993,0.0003955309499621384,6.274415747473188e-05,1.4772111000056611
3,58,63,0.00010142034699381035,0.0002454492518845328,4.540405783785632e-05,1.4793524999986403
3,76,63,0.00032175844219846025,0.0005889249280756273,0.0001312710821121444,1.472611400007736
3,36,63,0.00011767736937408932,0.0002670784087146939,5.694086428891637e-05,1.4696647000091616
3,1,63,0.0001848355707628929,0.0004892751190013874,7.865521619441599e-05,1.4711690999974962
3,98,63,7.075455679464587e-05,0.00015071643319808546,3.186719459239541e-05,1.4383292999991681
3,21,63,0.00029601170285273326,0.0006297288990470332,0.00013703192145819945,2.5148740999866277
3,90,63,0.00011382155217220853,0.00026239997161642774,5.0079963991554156e-05,1.8829494999954477
3,55,63,0.00012005893733048722,0.00023956683535619587,6.1033682861063955e-05,1.4129241000046022
3,44,63,0.0003669332122831001,0.0006158959508892511,0.00024629313631051487,1.4778492000041297
3,36,63,0.00011767736937408932,0.0002670784087146939,5.694086428891637e-05,1.4205396000033943
3,20,63,0.00026380846869529783,0.000575382092596508,0.00013082118497750495,1.4162091000034707
3,28,63,0.00030962924365344444,0.000861516945272689,0.00014788270688026212,1.4160200999904191
3,98,63,7.075455679464587e-05,0.00015071643319808546,3.186719459239541e-05,1.427419400002691
3,44,63,0.0003669332122831001,0.0006158959508892511,0.00024629313631051487,1.4276277000026312
3,14,63,0.00020484944290416273,0.0008251171617640745,9.439674984234393e-05,1.4498361000005389
3,12,63,0.00010939502006935474,0.00021039148593649068,4.636942423834276e-05,1.4179717000079108
3,49,63,0.00041590499854339275,0.0007521199272193929,0.0002410049096621159,1.428675299990573
3,13,63,0.0002611955798108871,0.0006021474525581468,0.00012665784516531595,1.4287645999866072
3,46,63,0.00012599619720362283,0.00033445422038780266,5.0369226909145667e-05,1.4191709000006085
3,45,63,0.0003415576569572647,0.0007918880659953196,0.00013879673138421725,1.4136444999894593
3,78,63,0.00036902979527084364,0.0007634681721851873,0.00020218877485180979,1.415567000003648
3,34,63,0.00015089638501915325,0.00035239197651441796,7.794051604169852e-05,1.4163215000007767
3,6,63,0.000292568840724457,0.00047126107771611593,0.00014711319215531104,1.411586800008081
3,94,63,9.508442972063532e-05,0.0001816612113433775,4.8824906387236145e-05,1.4175542000011774
3,59,63,0.0002444085408409458,0.00038917820457584737,0.00013857141895046258,1.4141400000080466
3,69,63,0.00019301357746712814,0.0003672393713982798,8.888691085275766e-05,1.5709811999986414
3,16,63,0.00023538371206837413,0.00042959173599663685,0.00014141758822639619,1.4778171999932965
3,49,63,0.00041590499854339275,0.0007521199272193929,0.0002410049096621159,1.4545000000071013
3,11,63,0.00041267415234808133,0.0006867718595367475,0.00020929046430474436,1.479073199996492
3,71,63,0.00010483031850581696,0.0001920368769365675,4.33202159854314e-05,1.464010199997574
3,38,63,0.0002512707914553024,0.0006030232296882456,0.00012690734685094287,1.4667140999954427
3,81,63,0.000279609063249557,0.0005899575618353831,0.00011957735531301218,1.4703882000030717
3,80,63,0.00014426315739044318,0.00045478551416256385,5.6435041243886233e-05,1.4759896000032313
3,47,63,0.00021507187912230244,0.0003873566456815789,0.00010562723794981711,1.4722939000057522
3,74,63,0.0001202354241155881,0.0004045991209321392,5.619194642505463e-05,1.480401199994958
3,25,63,0.00021876095946394026,0.00034320208954059236,0.00011182457864056835,1.4533121999993455
3,91,63,0.00012110483741672968,0.000221171739804241,6.461790701279891e-05,1.4128280000004452
3,9,63,0.00013917901055169053,0.0002541920505843225,5.938872230061741e-05,1.418633299996145
3,6,63,0.000292568840724457,0.00047126107771611593,0.00014711319215531104,1.4176390000066021
3,85,63,0.00024854414783047736,0.0006219022614993426,0.000125718372322953,1.4215055999957258
3,30,63,7.183733118623017e-05,0.00017208478686171267,3.6540660089643595e-05,1.41858919999504
3,99,63,0.00015799185336500302,0.0002533738588819261,0.000100461364065931,1.4120945000031497
3,38,63,0.0002512707914553024,0.0006030232296882456,0.00012690734685094287,1.4252840999979526
3,11,63,0.00041267415234808133,0.0006867718595367475,0.00020929046430474436,1.4462243000016315
3,30,63,7.183733118623017e-05,0.00017208478686171267,3.6540660089643595e-05,1.459743500003242
3,13,63,0.0002611955798108871,0.0006021474525581468,0.00012665784516531595,1.4413105999992695
3,49,63,0.00041590499854339275,0.0007521199272193929,0.0002410049096621159,1.4200440999993589
3,36,63,0.00011767736937408932,0.0002670784087146939,5.694086428891637e-05,1.4178045000007842
3,59,63,0.0002444085408409458,0.00038917820457584737,0.00013857141895046258,1.4197211999999126
3,82,63,0.00012289230343217748,0.0002467436221005162,3.8428924131518446e-05,1.440979300008621
3,47,63,0.00021507187912230244,0.0003873566456815789,0.00010562723794981711,1.4315357000014046
3,21,63,0.00029601170285273326,0.0006297288990470332,0.00013703192145819945,1.429579499992542
3,48,63,0.0007611637837212715,0.0010716371220753744,0.00036519210982504746,1.4410501000093063
3,46,63,0.00012599619720362283,0.00033445422038780266,5.0369226909145667e-05,1.4459330000099726
3,27,63,0.0002724583322437018,0.0005425957956090201,0.000171633726465996,1.4226916000043275
3,86,63,0.00027899339163687,0.00043192922930944297,0.00015950555341773912,1.4204831999959424
3,35,63,0.0001617786568221382,0.0003421155887534027,8.644789711117415e-05,1.4217349000100512
3,90,63,0.00011382155217220853,0.00026239997161642774,5.0079963991554156e-05,1.4165090000024065
3,88,63,0.0008642466191946757,0.0013131850271315617,0.0005008739750625737,1.4143604999990202
3,83,63,0.00012794310872205414,0.00022376516520889063,7.523159866503749e-05,1.414662800001679
3,10,63,0.0002364152603575752,0.0004832657690121257,9.786192679301166e-05,1.4145032000087667
3,78,63,0.00036902979527084364,0.0007634681721851873,0.00020218877485180979,1.4164414000115357
3,82,63,0.00012289230343217748,0.0002467436221005162,3.8428924131518446e-05,1.4175914000079501
3,22,63,0.00010137010658600332,0.00020621783762071367,4.8971121316194465e-05,1.4164611000014702
3,69,63,0.00019301357746712814,0.0003672393713982798,8.888691085275766e-05,1.4204326000035508
3,94,63,9.508442972063532e-05,0.0001816612113433775,4.8824906387236145e-05,1.409216900006868
3,32,63,0.0001760626621326947,0.00045714002984615997,7.893732977846377e-05,1.4474511000007624
3,21,63,0.00029601170285273326,0.0006297288990470332,0.00013703192145819945,1.419838300003903
4,82,255,3.4864198658590483e-06,6.315535167632275e-06,2.2537579459144226e-06,7.429691400000593
4,15,255,2.5026242297078105e-06,9.067260515035476e-06,1.1182543630016001e-06,7.4412368000048446
4,4,255,1.9296945867479296e-06,5.42923342028187e-06,1.0079849668721774e-06,7.422226700000465
4,95,255,2.912063062706973e-06,6.8987009700748434e-06,1.5779374193402977e-06,7.450224700005492
4,36,255,3.2212229627467636e-06,7.41317441878856e-06,1.5810419925182726e-06,7.426082099991618
4,32,255,4.585290007917962e-06,9.877744372089499e-06,2.970947733037533e-06,7.427764299995033
4,29,255,1.7320007451369141e-06,4.301712320208202e-06,7.498298338286867e-07,7.435910000000149
4,18,255,2.30998734222014e-06,5.729008776753758e-06,1.2330172080651799e-06,7.417015300001367
4,95,255,2.912063062706973e-06,6.8987009700748434e-06,1.5779374193402977e-06,7.432353500000318
4,14,255,3.249754535527875e-06,8.202209097840913e-06,1.8260043570980254e-06,7.423486600004253
4,87,255,1.9772908557059766e-06,8.806734597073524e-06,8.843660017329446e-07,7.427935100000468
4,95,255,2.912063062706973e-06,6.8987009700748434e-06,1.5779374193402977e-06,7.45558589999564
4,70,255,2.7755695629066552e-06,8.45085588195385e-06,1.617443105271305e-06,7.466044700006023
4,12,255,2.0566197136833724e-06,4.655902312031359e-06,1.1400859386038783e-06,7.447584199995617
4,76,255,3.3661576701170752e-06,6.748878992171962e-06,2.053141336842447e-06,7.458049199995003
4,55,255,2.2234078040819603e-06,9.809840087375794e-06,1.0838623914425433e-06,7.423596299995552
4,5,255,2.4269690196345532e-06,8.126149464841355e-06,1.2959929198884486e-06,7.417865300012636
4,4,255,1.9296945867479296e-06,5.42923342028187e-06,1.0079849668721774e-06,7.427460100007011
4,12,255,2.0566197136833724e-06,4.655902312031359e-06,1.1400859386038783e-06,7.417546399999992
4,28,255,3.2956811492611616e-06,8.01981173271471e-06,2.0664433477925912e-06,7.4540584000060335
4,30,255,1.7571044478593677e-06,6.033834162306488e-06,9.111247973908498e-07,7.414551999987452
4,65,255,2.241474010198269e-06,6.148504655437404e-06,1.2377911973797987e-06,7.477588200010359
4,78,255,2.396483888995504e-06,8.006330641989656e-06,1.3468219773920564e-06,7.517318500002148
4,4,255,1.9296945867479296e-06,5.42923342028187e-06,1.0079849668721774e-06,7.512962000007974
4,72,255,2.505570012614107e-06,7.09029604059437e-06,1.3709198279222858e-06,7.417855100007728
4,26,255,1.4173660010955337e-06,3.5129976536760733e-06,6.88205131049976e-07,7.41028820000065
4,92,255,2.118253886379077e-06,6.921409409129224e-06,1.0660836673753612e-06,7.425875899993116
4,84,255,4.412873833418824e-06,9.113705246291544e-06,2.615769266933504e-06,7.43306450000091
4,90,255,1.735722496465412e-06,8.088918560510647e-06,8.477356348930838e-07,7.508537099987734
4,70,255,2.7755695629066552e-06,8.45085588195385e-06,1.617443105271305e-06,7.395349999991595
4,54,255,2.211356985782638e-06,6.9135693573158e-06,1.1113728405578587e-06,7.454350999993039
4,29,255,1.7320007451369141e-06,4.301712320208202e-06,7.498298338286867e-07,7.518996900005732
4,58,255,1.8636306134547072e-06,5.0361130486699826e-06,9.95174615198832e-07,7.427937300002668
4,76,255,3.3661576701170752e-06,6.748878992171962e-06,2.053141336842447e-06,7.415959100006148
4,36,255,3.2212229627467636e-06,7.41317441878856e-06,1.5810419925182726e-06,7.46992930000124
4,1,255,5.98252780859964e-06,1.2903353512347132e-05,3.641384662985257e-06,7.518294299996342
4,98,255,5.1393400335549285e-06,8.260038842838316e-06,3.308849912965681e-06,7.478557700000238
4,21,255,2.6257154381006987e-06,1.0382622918366558e-05,1.2769154383513915e-06,7.503176400001394
4,90,255,1.735722496465412e-06,8.088918560510647e-06,8.477356348930838e-07,7.416790499992203
4,55,255,2.2234078040819603e-06,9.809840087375794e-06,1.0838623914425433e-06,7.414939800000866
4,44,255,2.5055590721690686e-06,7.746575901280572e-06,1.4014076224340738e-06,7.44861910000327
4,36,255,3.2212229627467636e-06,7.41317441878856e-06,1.5810419925182726e-06,7.402561900002183
4,20,255,2.8291624901130993e-06,7.316241739691766e-06,1.6592994229986304e-06,7.416669900005218
4,28,255,3.2956811492611616e-06,8.01981173271471e-06,2.0664433477925912e-06,7.407336100004613
4,98,255,5.1393400335549285e-06,8.260038842838316e-06,3.308849912965681e-06,7.423160199992708
4,44,255,2.5055590721690686e-06,7.746575901280572e-06,1.4014076224340738e-06,7.404463900005794
4,14,255,3.249754535527875e-06,8.202209097840913e-06,1.8260043570980254e-06,7.420055900001898
4,12,255,2.0566197136833724e-06,4.655902312031359e-06,1.1400859386038783e-06,7.405338099997607
4,49,255,3.2867072501094892e-06,7.553190794494271e-06,1.8836439138040888e-06,7.459428700007265
4,13,255,2.46050534644181e-06,6.737881686800797e-06,1.1206607175210276e-06,7.430686199993943
4,46,255,2.7979672951485575e-06,5.359441109820299e-06,1.7742574172987414e-06,7.545753300000797
4,45,255,2.2872921717901655e-06,5.122719692818885e-06,1.4013846782212032e-06,7.464335700002266
4,78,255,2.396483888995504e-06,8.006330641989656e-06,1.3468219773920564e-06,7.51753519999329
4,34,255,5.578777343217159e-06,1.0258878043580081e-05,3.6667213241174016e-06,7.465463299988187
4,6,255,2.256064659579389e-06,5.965692451867771e-06,1.3622279595713707e-06,7.452145300005213
4,94,255,5.011205883487864e-06,9.08438569080472e-06,3.087234962274563e-06,7.412520300000324
4,59,255,3.502904586340996e-06,9.322442034224736e-06,1.7886111664409981e-06,7.420883700004197
4,69,255,2.4013904199995074e-06,6.514427643372201e-06,1.2802405746160857e-06,7.452876800001832
4,16,255,3.437424951124624e-06,9.44258239471151e-06,1.9015162167213115e-06,7.532572099997196
4,49,255,3.2867072501094892e-06,7.553190794494271e-06,1.8836439138040888e-06,7.463981299995794
4,11,255,3.451335483522847e-06,6.136723365694738e-06,2.1683511739865677e-06,7.462162099996931
4,71,255,2.665147958558308e-06,8.22143587458218e-06,1.2006476687231765e-06,7.449869200005196
4,38,255,2.2386752059826345e-06,6.749979075657311e-06,1.13857293536934e-06,7.489596400002483
4,81,255,2.170014391411743e-06,5.876189438336392e-06,1.2191306927288404e-06,7.462960800010478
4,80,255,1.8315243645218617e-06,4.709078896372327e-06,9.532126909496192e-07,7.480285800003912
4,47,255,8.024091474395604e-06,1.2396425351817263e-05,5.769029398018762e-06,7.475246699992567
4,74,255,3.173662237490991e-06,8.344858208196775e-06,1.6709810450296425e-06,7.513865500004613
4,25,255,2.9573674752221015e-06,7.732957341842536e-06,1.761993527721108e-06,7.448606700010714
4,91,255,3.743383257119765e-06,9.2546434920486e-06,2.127663967049557e-06,7.515663999991375
4,9,255,1.5550033168511803e-06,4.312589223450823e-06,8.780215359256225e-07,7.478870499995537
4,6,255,2.256064659579389e-06,5.965692451867771e-06,1.3622279595713707e-06,7.525477200004389
4,85,255,3.931094762028411e-06,1.0135092931207833e-05,2.3494792079141135e-06,7.488110499994946
4,30,255,1.7571044478593677e-06,6.033834162306488e-06,9.111247973908498e-07,7.531444200008991
4,99,255,2.450487960108624e-06,6.697556063455634e-06,1.0382724340891274e-06,7.458706700010225
4,38,255,2.2386752059826345e-06,6.749979075657311e-06,1.13857293536934e-06,7.532358199998271
4,11,255,3.451335483522847e-06,6.136723365694738e-06,2.1683511739865677e-06,7.498463600000832
4,30,255,1.7571044478593677e-06,6.033834162306488e-06,9.111247973908498e-07,7.499820400000317
4,13,255,2.46050534644181e-06,6.737881686800797e-06,1.1206607175210276e-06,7.465445900001214
4,49,255,3.2867072501094892e-06,7.553190794494271e-06,1.8836439138040888e-06,7.475226900001871
4,36,255,3.2212229627467636e-06,7.41317441878856e-06,1.5810419925182726e-06,7.514146299989079
4,59,255,3.502904586340996e-06,9.322442034224736e-06,1.7886111664409981e-06,7.509768399992026
4,82,255,3.4864198658590483e-06,6.315535167632275e-06,2.2537579459144226e-06,7.502264299997478
4,47,255,8.024091474395604e-06,1.2396425351817263e-05,5.769029398018762e-06,7.495663499998045
4,21,255,2.6257154381006987e-06,1.0382622918366558e-05,1.2769154383513915e-06,7.473697800000082
4,48,255,1.577282166407406e-06,4.093251449124163e-06,8.17874691323198e-07,7.691515300000901
4,46,255,2.7979672951485575e-06,5.359441109820299e-06,1.7742574172987414e-06,7.609099099994637
4,27,255,2.3565379259043767e-06,5.076660074014603e-06,1.3423968909868893e-06,7.555157199996756
4,86,255,2.1366048359074394e-06,6.112483099244015e-06,1.139789985668719e-06,7.529778199997963
4,35,255,1.799124766287219e-06,5.377418164939809e-06,8.217915570305659e-07,7.555181300005643
4,90,255,1.735722496465412e-06,8.088918560510647e-06,8.477356348930838e-07,7.544999800011283
4,88,255,2.7499842666672775e-06,1.1555930041901772e-05,1.515363161530624e-06,7.505375400010962
4,83,255,1.3520909682166708e-06,4.462130944378932e-06,7.184624504182703e-07,7.491743499995209
4,10,255,2.0581235006566097e-06,4.897386842252559e-06,1.0603191009776195e-06,7.544452000001911
4,78,255,2.396483888995504e-06,8.006330641989656e-06,1.3468219773920564e-06,7.482965699993656
4,82,255,3.4864198658590483e-06,6.315535167632275e-06,2.2537579459144226e-06,7.477401199997985
4,22,255,4.21086689486125e-06,8.849891467182476e-06,2.4835606952540117e-06,7.463309900005697
4,69,255,2.4013904199995074e-06,6.514427643372201e-06,1.2802405746160857e-06,7.49128020000353
4,94,255,5.011205883487864e-06,9.08438569080472e-06,3.087234962274563e-06,7.467763900000136
4,32,255,4.585290007917962e-06,9.877744372089499e-06,2.970947733037533e-06,7.500164900004165
4,21,255,2.6257154381006987e-06,1.0382622918366558e-05,1.2769154383513915e-06,7.522396699991077
5,82,1023,2.2299965268637187e-07,3.251563643528416e-07,1.7181528096600284e-07,84.55221559999336
5,15,1023,1.9252279251845285e-07,2.7294960900898276e-07,1.27718682279326e-07,84.91128320001008
5,4,1023,6.504902143105975e-08,1.9077953347570238e-07,4.202646117366049e-08,84.49510770000052
5,95,1023,4.3216875637072504e-08,1.3289187883317163e-07,2.321403986650616e-08,84.86018040000636
5,36,1023,5.094762276584459e-08,1.6988895469145598e-07,3.002356938710681e-08,84.96524320000026
5,32,1023,8.599294140197122e-08,1.7105662878760837e-07,6.049389203551688e-08,84.79053100000601
5,29,1023,3.476376879715208e-08,1.5465528512535786e-07,1.7381238888232112e-08,84.56503579999844
5,18,1023,2.8792609008178682e-08,1.1479145890052202e-07,1.339838365934837e-08,84.60026240001025
5,95,1023,4.3216875637072504e-08,1.3289187883317163e-07,2.321403986650616e-08,84.74710449999839
5,14,1023,3.3743319250389125e-08,1.196527073024603e-07,1.865111406310538e-08,84.57334809999156
5,87,1023,4.6330029467537105e-08,1.3835688961622676e-07,2.7628349117897407e-08,85.051051500006
5,95,1023,4.3216875637072504e-08,1.3289187883317163e-07,2.321403986650616e-08,84.8088940000016
5,70,1023,8.616343895660254e-08,1.5095487298761083e-07,6.14929327033131e-08,84.55991839998751
5,12,1023,3.065089522632404e-08,1.1842753872506736e-07,1.563328846922898e-08,84.64583589999529
5,76,1023,3.4330417460724144e-08,1.3065263320544487e-07,1.816920124012486e-08,84.70900980000442
5,55,1023,3.7006945020346884e-08,1.192654550117661e-07,2.0687002082892238e-08,84.69337130000349
5,5,1023,3.283403361809149e-08,1.3651126972798585e-07,1.7625452956166382e-08,84.73042000000714
5,4,1023,6.504902143105975e-08,1.9077953347570238e-07,4.202646117366049e-08,85.02651739999419
5,12,1023,3.065089522632404e-08,1.1842753872506736e-07,1.563328846922898e-08,86.07835419999901
5,28,1023,7.517287569679482e-08,1.4950238618935991e-07,4.6951114038187274e-08,85.97742490000383
5,30,1023,3.6934687140613156e-08,1.348589223794398e-07,2.088230742016792e-08,85.64163060000283
5,65,1023,4.2663955770123216e-08,1.207119427400592e-07,2.357424840949363e-08,184.8428305999987
5,78,1023,3.67454921782157e-08,1.062883892682145e-07,2.0172304773023633e-08,223.55748360000143
5,4,1023,6.504902143105975e-08,1.9077953347570238e-07,4.202646117366049e-08,223.78214850000222
5,72,1023,6.623584104082348e-08,2.337514259079568e-07,4.047076808574167e-08,225.2348825999943
5,26,1023,7.82724245450891e-08,1.4764619558353965e-07,4.985033924374931e-08,225.36007740000787
5,92,1023,4.849152062545229e-08,1.961889757356187e-07,2.677743283846452e-08,225.05690419999883
5,84,1023,3.70287830375729e-08,1.1082591806326785e-07,2.196622137550596e-08,225.19083779999346
5,90,1023,3.585626901515933e-08,1.1960338619704476e-07,1.9397084301489627e-08,225.00321110000368
5,70,1023,8.616343895660254e-08,1.5095487298761083e-07,6.14929327033131e-08,225.20980240000063
5,54,1023,3.465123243012741e-08,1.6011497751582938e-07,1.8175024839491806e-08,225.0073737999919
5,29,1023,3.476376879715208e-08,1.5465528512535786e-07,1.7381238888232112e-08,225.33697749998828
5,58,1023,3.262350795470448e-08,1.1147961630409175e-07,1.7483870291164768e-08,225.17772759999207
5,76,1023,3.4330417460724144e-08,1.3065263320544487e-07,1.816920124012486e-08,225.32328360000974
5,36,1023,5.094762276584459e-08,1.6988895469145598e-07,3.002356938710681e-08,225.35626840000623
5,1,1023,3.2357022758504806e-08,9.371414039183839e-08,1.8753993346763187e-08,225.30167390000133
5,98,1023,1.0555125908679284e-07,2.056995739736452e-07,6.651190670081003e-08,225.14131789999374
5,21,1023,4.260978055444477e-08,1.6135232199698428e-07,1.976576911625596e-08,228.87831630000437
5,90,1023,3.585626901515933e-08,1.1960338619704476e-07,1.9397084301489627e-08,232.29502169998887
5,55,1023,3.7006945020346884e-08,1.192654550117661e-07,2.0687002082892238e-08,227.64627610000025
5,44,1023,2.8529857488585156e-08,1.335319953488682e-07,1.509583056704956e-08,227.809849199999
5,36,1023,5.094762276584459e-08,1.6988895469145598e-07,3.002356938710681e-08,228.2401763000089
5,20,1023,6.69532442596078e-08,2.1771404794479116e-07,3.825423040701228e-08,227.85917169999448
5,28,1023,7.517287569679482e-08,1.4950238618935991e-07,4.6951114038187274e-08,213.11532330000773
5,98,1023,1.0555125908679284e-07,2.056995739736452e-07,6.651190670081003e-08,227.4386416000052
5,44,1023,2.8529857488585156e-08,1.335319953488682e-07,1.509583056704956e-08,227.51465440000175
5,14,1023,3.3743319250389125e-08,1.196527073024603e-07,1.865111406310538e-08,229.92632539999613
5,12,1023,3.065089522632404e-08,1.1842753872506736e-07,1.563328846922898e-08,234.68553830000747
5,49,1023,4.202664162552202e-08,1.4247442601014475e-07,2.3840945150881933e-08,233.78274769999553
5,13,1023,5.17441168656353e-08,1.2862272830106716e-07,3.338842637532387e-08,234.02572649999638
5,46,1023,2.9444876350986687e-08,1.1007960749514938e-07,1.7021812594690617e-08,231.69970940001076
5,45,1023,4.756476124932e-08,1.5722592524829373e-07,2.8724730156516403e-08,226.39759190000768
5,78,1023,3.67454921782157e-08,1.062883892682145e-07,2.0172304773023633e-08,225.7061248999962
5,34,1023,1.1629594924075319e-07,2.132320856213456e-07,7.593289492297519e-08,226.01887830000487
5,6,1023,1.0696545976014643e-07,1.7602497113760695e-07,7.146529652594012e-08,226.0148443000071
5,94,1023,3.530229729306702e-08,9.673631972873334e-08,2.0040165133095712e-08,226.3441701999982
5,59,1023,8.092202074669777e-08,1.572626906039241e-07,5.434127898751891e-08,225.87668270000722
5,69,1023,2.861067711464839e-08,1.1100691605098152e-07,1.586461787175329e-08,226.05518320000556
5,16,1023,4.677298916232181e-08,1.685681727204996e-07,2.7624704763782227e-08,226.52259670000058
5,49,1023,4.202664162552202e-08,1.4247442601014475e-07,2.3840945150881933e-08,226.23961439999403
5,11,1023,3.663077713853858e-08,1.2924058599661144e-07,1.9659903940196127e-08,209.8798691999982
5,71,1023,6.42124057108543e-08,1.989487200772607e-07,3.9738846344384995e-08,226.2435211999982
5,38,1023,3.0555887586784396e-08,9.712481765886287e-08,1.5956062926836915e-08,225.37575949999155
5,81,1023,6.104647274001966e-08,1.3034782379687466e-07,3.976067817273072e-08,225.4964742000011
5,80,1023,3.315258942411328e-08,1.1495859241875815e-07,1.8845938055692597e-08,225.6649483999936
5,47,1023,6.33292365723012e-08,2.1937217408005968e-07,3.9474449468565856e-08,225.46648479999567
5,74,1023,4.216004754820009e-08,1.4154473750376124e-07,2.2276939836796414e-08,225.68585789999634
5,25,1023,2.2329262573200093e-07,3.734723285846388e-07,1.541181800682437e-07,225.24057960000937
5,91,1023,3.3521088475517826e-08,1.0990628967655574e-07,1.78179784661926e-08,224.90719440000248
5,9,1023,3.065165807887691e-08,1.1631378488297057e-07,1.6867272136424723e-08,225.19736310000008
5,6,1023,1.0696545976014643e-07,1.7602497113760695e-07,7.146529652594012e-08,224.96029000000271
5,85,1023,4.285236997523322e-08,1.7204527802370375e-07,2.405883385493344e-08,224.21410299999116
5,30,1023,3.6934687140613156e-08,1.348589223794398e-07,2.088230742016792e-08,225.26549040000828
5,99,1023,3.8685697532493164e-08,1.1773508155268491e-07,2.2561744479177852e-08,225.21315290000348
5,38,1023,3.0555887586784396e-08,9.712481765886287e-08,1.5956062926836915e-08,224.86953340000764
5,11,1023,3.663077713853858e-08,1.2924058599661144e-07,1.9659903940196127e-08,224.54132129999925
5,30,1023,3.6934687140613156e-08,1.348589223794398e-07,2.088230742016792e-08,224.68945549998898
5,13,1023,5.17441168656353e-08,1.2862272830106716e-07,3.338842637532387e-08,224.57178179999755
5,49,1023,4.202664162552202e-08,1.4247442601014475e-07,2.3840945150881933e-08,224.20368760000565
5,36,1023,5.094762276584459e-08,1.6988895469145598e-07,3.002356938710681e-08,224.08455090000643
5,59,1023,8.092202074669777e-08,1.572626906039241e-07,5.434127898751891e-08,224.1540124000021
5,82,1023,2.2299965268637187e-07,3.251563643528416e-07,1.7181528096600284e-07,224.04178710000997
5,47,1023,6.33292365723012e-08,2.1937217408005968e-07,3.9474449468565856e-08,223.48341139999684
5,21,1023,4.260978055444477e-08,1.6135232199698428e-07,1.976576911625596e-08,223.73049279999395
5,48,1023,1.4995835626141892e-07,2.39979011936196e-07,1.0036436660752358e-07,223.35553269999218
5,46,1023,2.9444876350986687e-08,1.1007960749514938e-07,1.7021812594690617e-08,224.62697900000785
5,27,1023,3.457058098533171e-08,1.221697791944059e-07,1.8321109648857113e-08,223.96750769999926
5,86,1023,2.8645366479627083e-08,1.2211046624620455e-07,1.624450444696433e-08,224.5721782000037
5,35,1023,3.040974738735763e-08,9.001896245734585e-08,1.7030512928711175e-08,224.40758710000955
5,90,1023,3.585626901515933e-08,1.1960338619704476e-07,1.9397084301489627e-08,224.74057350000658
5,88,1023,1.054703048655551e-07,2.835528857867445e-07,6.741614012096469e-08,224.39552999999432
5,83,1023,2.568044993532082e-08,7.224272541591854e-08,1.3068351378898475e-08,224.39557970000897
5,10,1023,2.6893761493577804e-08,8.857020666024764e-08,1.3186439987407076e-08,223.69523800000024
5,78,1023,3.67454921782157e-08,1.062883892682145e-07,2.0172304773023633e-08,223.70711689999735
5,82,1023,2.2299965268637187e-07,3.251563643528416e-07,1.7181528096600284e-07,198.0944032999978
5,22,1023,2.8330562380659723e-08,1.0818526520548043e-07,1.650156032236283e-08,84.43191030000162
5,69,1023,2.861067711464839e-08,1.1100691605098152e-07,1.586461787175329e-08,84.35643430000346
5,94,1023,3.530229729306702e-08,9.673631972873334e-08,2.0040165133095712e-08,84.32937609999499
5,32,1023,8.599294140197122e-08,1.7105662878760837e-07,6.049389203551688e-08,84.3787536000018
5,21,1023,4.260978055444477e-08,1.6135232199698428e-07,1.976576911625596e-08,84.31937080000353
