n,seed,dim_restricted,mean_restricted,max_restricted,min_restricted,elapsed_time
1,82,1,0.0,0.0,0.0,0.07892040000297129
1,15,1,0.0,0.0,0.0,0.07814610000059474
1,4,1,0.0,0.0,0.0,0.08360220000031404
1,95,1,0.0,0.0,0.0,0.07987109999521635
1,36,1,0.0,0.0,0.0,0.07798500001081266
1,32,1,0.0,0.0,0.0,0.07717180000327062
1,29,1,0.0,0.0,0.0,0.07708509999793023
1,18,1,0.0,0.0,0.0,0.07933880000200588
1,95,1,0.0,0.0,0.0,0.07781090000935365
1,14,1,0.0,0.0,0.0,0.08065329999953974
1,87,1,0.0,0.0,0.0,0.07682460000796709
1,95,1,0.0,0.0,0.0,0.07816669999738224
1,70,1,0.0,0.0,0.0,0.07765800000925083
1,12,1,0.0,0.0,0.0,0.07953129999805242
1,76,1,0.0,0.0,0.0,0.07772830000612885
1,55,1,0.0,0.0,0.0,0.08060670000850223
1,5,1,0.0,0.0,0.0,0.07839369999419432
1,4,1,0.0,0.0,0.0,0.07830700000340585
1,12,1,0.0,0.0,0.0,0.07902019999164622
1,28,1,0.0,0.0,0.0,0.07774890000291634
1,30,1,0.0,0.0,0.0,0.07822969999688212
1,65,1,0.0,0.0,0.0,0.07786140000098385
1,78,1,0.0,0.0,0.0,0.08333209999545943
1,4,1,0.0,0.0,0.0,0.07829089999722783
1,72,1,0.0,0.0,0.0,0.0767381000041496
1,26,1,0.0,0.0,0.0,0.07852090000233147
1,92,1,0.0,0.0,0.0,0.07889790000626817
1,84,1,0.0,0.0,0.0,0.07714330000453629
1,90,1,0.0,0.0,0.0,0.07771439998759888
1,70,1,0.0,0.0,0.0,0.07762690000527073
1,54,1,0.0,0.0,0.0,0.07875159999821335
1,29,1,0.0,0.0,0.0,0.0765391000022646
1,58,1,0.0,0.0,0.0,0.07867329999862704
1,76,1,0.0,0.0,0.0,0.07820309999806341
1,36,1,0.0,0.0,0.0,0.07896210000035353
1,1,1,0.0,0.0,0.0,0.08129469999403227
1,98,1,0.0,0.0,0.0,0.07975129999977071
1,21,1,0.0,0.0,0.0,0.07969159999629483
1,90,1,0.0,0.0,0.0,0.0811942000000272
1,55,1,0.0,0.0,0.0,0.07920110000122804
1,44,1,0.0,0.0,0.0,0.07803720000083558
1,36,1,0.0,0.0,0.0,0.07706640000105835
1,20,1,0.0,0.0,0.0,0.07812330000160728
1,28,1,0.0,0.0,0.0,0.07675850001396611
1,98,1,0.0,0.0,0.0,0.07798480000928976
1,44,1,0.0,0.0,0.0,0.07834680000087246
1,14,1,0.0,0.0,0.0,0.07823970000026748
1,12,1,0.0,0.0,0.0,0.07715869999083225
1,49,1,0.0,0.0,0.0,0.07854159999988042
1,13,1,0.0,0.0,0.0,0.0773847999953432
1,46,1,0.0,0.0,0.0,0.0775660999934189
1,45,1,0.0,0.0,0.0,0.07634119999420363
1,78,1,0.0,0.0,0.0,0.07992709999962244
1,34,1,0.0,0.0,0.0,0.07997819999582134
1,6,1,0.0,0.0,0.0,0.07681880000745878
1,94,1,0.0,0.0,0.0,0.07679859999916516
1,59,1,0.0,0.0,0.0,0.07677240000339225
1,69,1,0.0,0.0,0.0,0.07799330000125337
1,16,1,0.0,0.0,0.0,0.07781930000055581
1,49,1,0.0,0.0,0.0,0.07822330000635702
1,11,1,0.0,0.0,0.0,0.07802369999990333
1,71,1,0.0,0.0,0.0,0.07659189999685623
1,38,1,0.0,0.0,0.0,0.07922200000029989
1,81,1,0.0,0.0,0.0,0.07926129999395926
1,80,1,0.0,0.0,0.0,0.07718009999371134
1,47,1,0.0,0.0,0.0,0.0769941999897128
1,74,1,0.0,0.0,0.0,0.07874129999254365
1,25,1,0.0,0.0,0.0,0.07633180000993889
1,91,1,0.0,0.0,0.0,0.07736070000100881
1,9,1,0.0,0.0,0.0,0.07837990000552963
1,6,1,0.0,0.0,0.0,0.07676429999992251
1,85,1,0.0,0.0,0.0,0.07826090000162367
1,30,1,0.0,0.0,0.0,0.07786759998998605
1,99,1,0.0,0.0,0.0,0.07698899999377318
1,38,1,0.0,0.0,0.0,0.07709120000072289
1,11,1,0.0,0.0,0.0,0.09289200000057463
1,30,1,0.0,0.0,0.0,0.08857019999413751
1,13,1,0.0,0.0,0.0,0.08634419999725651
1,49,1,0.0,0.0,0.0,0.08497509999142494
1,36,1,0.0,0.0,0.0,0.08707069999945816
1,59,1,0.0,0.0,0.0,0.08453399999416433
1,82,1,0.0,0.0,0.0,0.08669269998790696
1,47,1,0.0,0.0,0.0,0.10745670000324026
1,21,1,0.0,0.0,0.0,0.08621979999588802
1,48,1,0.0,0.0,0.0,0.08489699999336153
1,46,1,0.0,0.0,0.0,0.08640149999700952
1,27,1,0.0,0.0,0.0,0.08820500000729226
1,86,1,0.0,0.0,0.0,0.09303879999788478
1,35,1,0.0,0.0,0.0,0.08150060000480153
1,90,1,0.0,0.0,0.0,0.07958170000347309
1,88,1,0.0,0.0,0.0,0.0789099000103306
1,83,1,0.0,0.0,0.0,0.08209780001197942
1,10,1,0.0,0.0,0.0,0.0930618999991566
1,78,1,0.0,0.0,0.0,0.10451749998901505
1,82,1,0.0,0.0,0.0,0.10191090000444092
1,22,1,0.0,0.0,0.0,0.08376670000143349
1,69,1,0.0,0.0,0.0,0.08338029999868013
1,94,1,0.0,0.0,0.0,0.08695250000164378
1,32,1,0.0,0.0,0.0,0.09175739999045618
1,21,1,0.0,0.0,0.0,0.09477830000105314
2,82,3,0.004783873920309882,0.005149192972870148,0.004265707861574879,0.1575386000040453
2,15,3,0.008830101649708611,0.011529437123144854,0.006474959261799395,0.15474250000261236
2,4,3,0.005759494174476849,0.0070819897641134135,0.004270000346268082,0.14226249999774154
2,95,3,0.0065605332839437,0.009895151428930467,0.001985519180326739,0.13583319999452215
2,36,3,0.005607952538231852,0.008203972909007673,0.002844433391416636,0.13458309999259654
2,32,3,0.009100112686998006,0.015534105606853501,0.005844500524564461,0.13274499999533873
2,29,3,0.0006469025129607817,0.0009517420396576406,0.00023789495022978605,0.13423889999103267
2,18,3,0.03339485675312439,0.05040673267768781,0.014789894153501938,0.13882399999420159
2,95,3,0.0065605332839437,0.009895151428930467,0.001985519180326739,0.1371901000093203
2,14,3,0.014729491141360303,0.018155213376604196,0.008453353285507736,0.13818779999564867
2,87,3,0.005862878399177853,0.0075808911509271945,0.004533814754935488,0.13747149999835528
2,95,3,0.0065605332839437,0.009895151428930467,0.001985519180326739,0.13652660000661854
2,70,3,0.006478405871038299,0.009047812079305597,0.0035465326620301475,0.1380561999976635
2,12,3,0.05728831734325567,0.07307972263725118,0.044729466602026306,0.1409698999923421
2,76,3,0.06810122838673008,0.09723527037320245,0.024988188762316878,0.1374985000002198
2,55,3,0.0048139334525013925,0.008773009722796044,0.002407801966493883,0.13627980000455864
2,5,3,0.005159297821225051,0.006446533140531794,0.004499635824110297,0.1361573999893153
2,4,3,0.005759494174476849,0.0070819897641134135,0.004270000346268082,0.13667000000714324
2,12,3,0.05728831734325567,0.07307972263725118,0.044729466602026306,0.1383118999947328
2,28,3,0.00523679803157892,0.006442016039910156,0.0030332927559397803,0.13481780000438448
2,30,3,0.015725283347315613,0.020844576222017703,0.009183448432615286,0.1367854999989504
2,65,3,0.012825966282723505,0.02900526288979291,0.004663850680980021,0.1383981999970274
2,78,3,0.0006416415852621276,0.0008220929337101779,0.0005100657945067417,0.13787540000339504
2,4,3,0.005759494174476849,0.0070819897641134135,0.004270000346268082,0.13742780000029597
2,72,3,0.012788528585209546,0.02169979628479811,0.00493164867256534,0.13617410000006203
2,26,3,0.026282194680592275,0.028556429241405282,0.022685407995415997,0.1378984000039054
2,92,3,0.005027297904262199,0.008418410431825271,0.0002682628871864861,0.14280929999949876
2,84,3,0.0001781697592804731,0.0003002610857188834,4.291312055283427e-05,0.13716410000051837
2,90,3,0.04897858521622802,0.09665543998805495,0.02209887973093139,0.1389579000097001
2,70,3,0.006478405871038299,0.009047812079305597,0.0035465326620301475,0.13693619999685325
2,54,3,0.037931870312471805,0.05279538278738098,0.021277309554039968,0.1373019999882672
2,29,3,0.0006469025129607817,0.0009517420396576406,0.00023789495022978605,0.1351425000029849
2,58,3,0.0052228616973476446,0.006573327081105577,0.003621360695817877,0.1382471999968402
2,76,3,0.06810122838673008,0.09723527037320245,0.024988188762316878,0.13755669999227393
2,36,3,0.005607952538231852,0.008203972909007673,0.002844433391416636,0.13674250000622123
2,1,3,0.0061240639147307615,0.008382390298473355,0.001879337427728408,0.13594769999326672
2,98,3,0.028725246361012424,0.0311481780642062,0.02420114197407518,0.13889250000647735
2,21,3,0.010093063967268933,0.021070849481514876,0.0010481093857087002,0.13640240000677295
2,90,3,0.04897858521622802,0.09665543998805495,0.02209887973093139,0.13677569999708794
2,55,3,0.0048139334525013925,0.008773009722796044,0.002407801966493883,0.1397251000016695
2,44,3,0.11301042833748269,0.17268868218877909,0.08100027093787791,0.1365520999970613
2,36,3,0.005607952538231852,0.008203972909007673,0.002844433391416636,0.13818549999268726
2,20,3,0.02049890518945457,0.022266989267340193,0.017268249545402514,0.13906950000091456
2,28,3,0.00523679803157892,0.006442016039910156,0.0030332927559397803,0.14013719999638852
2,98,3,0.028725246361012424,0.0311481780642062,0.02420114197407518,0.1373598999925889
2,44,3,0.11301042833748269,0.17268868218877909,0.08100027093787791,0.13686579999921378
2,14,3,0.014729491141360303,0.018155213376604196,0.008453353285507736,0.13687309999659192
2,12,3,0.05728831734325567,0.07307972263725118,0.044729466602026306,0.13702409999677911
2,49,3,0.056435103894044124,0.0737445341898978,0.046908802465514585,0.14007670000137296
2,13,3,0.0006451131601000839,0.0008787892039693909,0.0004848210758599494,0.15199090000533033
2,46,3,0.006442522822912192,0.011218555159328741,0.002559609288942426,0.1419929000112461
2,45,3,0.006898854196505942,0.012687788585328041,0.0016286636500537422,0.13554809999186546
2,78,3,0.0006416415852621276,0.0008220929337101779,0.0005100657945067417,0.13539890000538435
2,34,3,0.0009223811768126871,0.002034164793538822,9.422972611427183e-05,0.13552229999913834
2,6,3,0.04267397426235763,0.056080868490228204,0.027024814493373437,0.1381244000076549
2,94,3,0.004367833751084803,0.005374098140212541,0.0031575925317267133,0.13496590001159348
2,59,3,7.064568486733461e-05,8.926170116498493e-05,5.850221462281572e-05,0.13405459999921732
2,69,3,0.0027101618359243232,0.004829635954325598,0.0011535621686239094,0.13655009999638423
2,16,3,0.0008663390394936899,0.0020769681212374296,0.0002572703778460291,0.16701259999535978
2,49,3,0.056435103894044124,0.0737445341898978,0.046908802465514585,0.1413983999955235
2,11,3,0.000798809604052666,0.0009468254852305585,0.0007200540231571188,0.1465042999916477
2,71,3,0.009235747607986433,0.012115791323508169,0.0073907454590114,0.1556636999885086
2,38,3,0.019971257990839507,0.026559240478667805,0.012790859566207518,0.13668219999817666
2,81,3,0.00015245029152548145,0.00023717664843642895,0.00010625818560746378,0.1341861999972025
2,80,3,0.02725843286732847,0.03980460779048627,0.005036448520747695,0.1393229999957839
2,47,3,0.032406956892223004,0.03526078376424254,0.030089062178674367,0.1508493000001181
2,74,3,0.0010090259944067965,0.002536934708233082,0.00017317184926124313,0.145662099996116
2,25,3,0.00699470628359728,0.011124685466093505,0.0031000294440758185,0.14652829999977257
2,91,3,0.03307911991958651,0.052540881221756555,0.011681749387759304,0.14981640000769403
2,9,3,0.005765375012311269,0.008340144250075286,0.004027814486985155,0.14416480000363663
2,6,3,0.04267397426235763,0.056080868490228204,0.027024814493373437,0.1500959000113653
2,85,3,0.029202003012375813,0.03937538334053827,0.022261853515607527,0.1408713999990141
2,30,3,0.015725283347315613,0.020844576222017703,0.009183448432615286,0.13815559999784455
2,99,3,0.016933842343934736,0.02522508555532435,0.003609154195653817,0.13919020000321325
2,38,3,0.019971257990839507,0.026559240478667805,0.012790859566207518,0.16414909999002703
2,11,3,0.000798809604052666,0.0009468254852305585,0.0007200540231571188,0.16475440000067465
2,30,3,0.015725283347315613,0.020844576222017703,0.009183448432615286,0.138506100003724
2,13,3,0.0006451131601000839,0.0008787892039693909,0.0004848210758599494,0.13551269999879878
2,49,3,0.056435103894044124,0.0737445341898978,0.046908802465514585,0.13551100000040606
2,36,3,0.005607952538231852,0.008203972909007673,0.002844433391416636,0.13986300000397023
2,59,3,7.064568486733461e-05,8.926170116498493e-05,5.850221462281572e-05,0.1366794000059599
2,82,3,0.004783873920309882,0.005149192972870148,0.004265707861574879,0.13777059999119956
2,47,3,0.032406956892223004,0.03526078376424254,0.030089062178674367,0.13854270000592805
2,21,3,0.010093063967268933,0.021070849481514876,0.0010481093857087002,0.13644339999882504
2,48,3,0.07207413677832608,0.08329415077920244,0.06193786692159885,0.13654700000188313
2,46,3,0.006442522822912192,0.011218555159328741,0.002559609288942426,0.13633470000058878
2,27,3,0.008082311811275894,0.023625225974577942,0.00028215490874029103,0.14075240000966005
2,86,3,0.0050660768214545356,0.008624946894723118,0.002320238101387053,0.14160570000240114
2,35,3,0.0012662415489504285,0.001299498508071702,0.001217795963234089,0.13584410000476055
2,90,3,0.04897858521622802,0.09665543998805495,0.02209887973093139,0.1395716000115499
2,88,3,0.0019214664807395393,0.004833867863562131,0.0004286264794169882,0.13882310000190046
2,83,3,0.007801363825528935,0.012883523745585851,0.004660934709319846,0.13724330000695772
2,10,3,0.00224222492277403,0.003049090484370518,0.001574509244904456,0.13634140000795014
2,78,3,0.0006416415852621276,0.0008220929337101779,0.0005100657945067417,0.1357183000072837
2,82,3,0.004783873920309882,0.005149192972870148,0.004265707861574879,0.1404529999999795
2,22,3,0.0066465756463890855,0.009689678715504796,0.0018108076913711166,0.13632479999796487
2,69,3,0.0027101618359243232,0.004829635954325598,0.0011535621686239094,0.1381563000031747
2,94,3,0.004367833751084803,0.005374098140212541,0.0031575925317267133,0.14596310000342783
2,32,3,0.009100112686998006,0.015534105606853501,0.005844500524564461,0.13659110000298824
2,21,3,0.010093063967268933,0.021070849481514876,0.0010481093857087002,0.13726790000509936
3,82,5,1.0446890220923426e-05,1.704908830764207e-05,2.246232522412928e-06,0.2427256000082707
3,15,5,0.0001040644985836666,0.00015201829377686502,6.55914385955506e-05,0.23619810001400765
3,4,5,8.200022069460949e-05,0.00015176109108368783,3.154689847400598e-05,0.23369999999704305
3,95,5,0.00022198673841255755,0.000511689414352568,2.803986403510578e-05,0.23347899998771027
3,36,5,7.318657209077325e-05,0.00021521404761628543,8.794286892591133e-06,0.2335602000093786
3,32,5,1.825029063601213e-05,4.190695825394125e-05,2.0186326907791558e-06,0.24014240001270082
3,29,5,0.00013719081020104978,0.00027001896420435044,7.227715558699729e-06,0.23375699999451172
3,18,5,9.853338598610968e-05,0.00022407012132580255,2.0310623613835115e-05,0.23306669999146834
3,95,5,0.00022198673841255755,0.000511689414352568,2.803986403510578e-05,0.23219100000278559
3,14,5,1.9549489079945693e-05,3.822559788770627e-05,7.935616270181688e-06,0.2393584999954328
3,87,5,6.724565188378356e-05,0.00015997984752320082,2.1979839921091317e-05,0.22938309999881312
3,95,5,0.00022198673841255755,0.000511689414352568,2.803986403510578e-05,0.22058049999759533
3,70,5,3.0328278742295994e-05,4.8695235010167014e-05,1.3127960385921119e-05,0.22122740000486374
3,12,5,6.660839086944297e-05,0.0001025139912646783,2.9914863580434758e-05,0.22031770000467077
3,76,5,0.000385861617416974,0.0005826119475242633,0.00013962655683803096,0.2233704999962356
3,55,5,1.4407991725359868e-05,2.305806660098078e-05,4.2938339859948785e-06,0.2214844000118319
3,5,5,4.754847787885241e-05,7.679956314487663e-05,9.089300461620743e-06,0.22258220000367146
3,4,5,8.200022069460949e-05,0.00015176109108368783,3.154689847400598e-05,0.2219706000032602
3,12,5,6.660839086944297e-05,0.0001025139912646783,2.9914863580434758e-05,0.2224768000014592
3,28,5,0.0010689894232499106,0.0022306515631658743,0.00044715018732840696,0.22726759999932256
3,30,5,7.014268003656483e-05,0.00011478403710412024,3.940725590465527e-06,0.2212498000008054
3,65,5,2.333121045362495e-05,5.4906846380418184e-05,9.010533398643071e-06,0.2206776999955764
3,78,5,0.0001305217374676725,0.00023037262472527562,2.1204928122318308e-05,0.22042209999926854
3,4,5,8.200022069460949e-05,0.00015176109108368783,3.154689847400598e-05,0.22393039999587927
3,72,5,0.0002021969862904228,0.0004763122302814072,7.58505219680449e-05,0.22066340000310447
3,26,5,4.764571237112712e-05,8.810471858702456e-05,1.8923811003978744e-05,0.2221172999998089
3,92,5,6.710600025755394e-05,8.310592105942189e-05,4.915155742940618e-05,0.22101569999358617
3,84,5,1.867889420866777e-05,3.473120918148546e-05,5.910773954301818e-06,0.22050680000393186
3,90,5,5.967092191000967e-05,0.00010352299655921806,7.190004236286071e-06,0.2239865000010468
3,70,5,3.0328278742295994e-05,4.8695235010167014e-05,1.3127960385921119e-05,0.22137179999845102
3,54,5,7.293888904706296e-05,0.00018330346004192348,3.102713304981215e-05,0.22190729998692404
3,29,5,0.00013719081020104978,0.00027001896420435044,7.227715558699729e-06,0.2198872000008123
3,58,5,4.147192957172374e-05,6.817693524768541e-05,9.427597120556918e-06,0.22216499999922235
3,76,5,0.000385861617416974,0.0005826119475242633,0.00013962655683803096,0.22084429999813437
3,36,5,7.318657209077325e-05,0.00021521404761628543,8.794286892591133e-06,0.22134809999261051
3,1,5,0.00012148355394116962,0.00016969500422765477,8.203131610063872e-05,0.2193274999881396
3,98,5,1.2289362631420167e-05,2.5486477666872683e-05,6.784601354513689e-06,0.21885849999671336
3,21,5,0.0001988222217052785,0.000322999957652599,6.913402187454356e-05,0.2231753999949433
3,90,5,5.967092191000967e-05,0.00010352299655921806,7.190004236286071e-06,0.2203637000056915
3,55,5,1.4407991725359868e-05,2.305806660098078e-05,4.2938339859948785e-06,0.22475959999428596
3,44,5,0.00044638289564851596,0.0005447335039227404,0.00018580918043641065,0.2204314999980852
3,36,5,7.318657209077325e-05,0.00021521404761628543,8.794286892591133e-06,0.22138660000928212
3,20,5,6.490514495039571e-05,0.00011270858482942169,2.0351046715619744e-05,0.22759470000164583
3,28,5,0.0010689894232499106,0.0022306515631658743,0.00044715018732840696,0.22144269999989774
3,98,5,1.2289362631420167e-05,2.5486477666872683e-05,6.784601354513689e-06,0.22088850000000093
3,44,5,0.00044638289564851596,0.0005447335039227404,0.00018580918043641065,0.22175379999680445
3,14,5,1.9549489079945693e-05,3.822559788770627e-05,7.935616270181688e-06,0.23353150000912137
3,12,5,6.660839086944297e-05,0.0001025139912646783,2.9914863580434758e-05,0.2561990000103833
3,49,5,6.0844025500622e-05,0.0001238632065585946,1.4283898394828945e-05,0.2658274999994319
3,13,5,7.150141751741924e-05,0.00012921530705463022,3.87676163536901e-05,0.2509898999996949
3,46,5,8.297555346509382e-05,0.0001823750017665522,2.6544346642712952e-05,0.2551859999948647
3,45,5,0.0001317090597277504,0.00022580547169336304,7.464703553953326e-06,0.23663240000314545
3,78,5,0.0001305217374676725,0.00023037262472527562,2.1204928122318308e-05,0.2735663000057684
3,34,5,9.53237767618184e-05,0.00016178570776805433,2.83880466186882e-05,0.2407909000030486
3,6,5,0.00012223761471603472,0.00026741534003010917,3.152542162571331e-05,0.2339668999920832
3,94,5,8.755321789163604e-05,0.0001200193457653413,4.484172293651572e-05,0.23557599999185186
3,59,5,0.0002193459094195628,0.00040094879082306847,6.258720462127801e-05,0.22183520000544377
3,69,5,7.011975121651563e-05,0.00015099321835971248,9.941419618866256e-06,0.2216813999984879
3,16,5,0.00015251009578626473,0.00023681431415076116,5.150187944085162e-05,0.24430320000101347
3,49,5,6.0844025500622e-05,0.0001238632065585946,1.4283898394828945e-05,0.27003070000500884
3,11,5,0.00011745760423915154,0.00028035410343772623,2.0791743671409902e-05,0.2421355999977095
3,71,5,8.588963183506641e-05,0.0002215620999978316,3.090491382004615e-05,0.22208440001122653
3,38,5,4.4984969351654035e-05,9.257332724479396e-05,8.930426488006443e-06,0.6109486000059405
3,81,5,2.3374496006700173e-05,6.150902187772805e-05,6.542843757020532e-06,0.592639100010274
3,80,5,0.0004388648905581442,0.0007390259994249292,0.00012353923967440617,0.5783766999957152
3,47,5,0.00011657101783074325,0.0003292996490981204,2.065272771226108e-05,0.36340889999701176
3,74,5,9.886078847446082e-06,2.0853264242718105e-05,4.8963069315985786e-06,0.2329907999956049
3,25,5,0.00022497071767610567,0.0004098452788901912,1.6287635715138068e-05,0.22960030000831466
3,91,5,5.4455343101840267e-05,0.00010728730879636376,1.3191220729492702e-05,0.22003969999786932
3,9,5,4.9391792662554127e-05,0.00011013331206995377,1.8464160157325693e-05,0.2196062000002712
3,6,5,0.00012223761471603472,0.00026741534003010917,3.152542162571331e-05,0.26796830000239424
3,85,5,8.800165769161813e-05,0.0001821891078820929,1.251432303048491e-05,0.27999179999460466
3,30,5,7.014268003656483e-05,0.00011478403710412024,3.940725590465527e-06,0.2753819000063231
3,99,5,0.0001764314453885334,0.0003182112492301493,2.9542843810860953e-05,0.2780780000030063
3,38,5,4.4984969351654035e-05,9.257332724479396e-05,8.930426488006443e-06,0.2787906000012299
3,11,5,0.00011745760423915154,0.00028035410343772623,2.0791743671409902e-05,0.2814163000002736
3,30,5,7.014268003656483e-05,0.00011478403710412024,3.940725590465527e-06,0.2765219000139041
3,13,5,7.150141751741924e-05,0.00012921530705463022,3.87676163536901e-05,0.2751607999962289
3,49,5,6.0844025500622e-05,0.0001238632065585946,1.4283898394828945e-05,0.2650061000022106
3,36,5,7.318657209077325e-05,0.00021521404761628543,8.794286892591133e-06,0.26449159999901894
3,59,5,0.0002193459094195628,0.00040094879082306847,6.258720462127801e-05,0.26599060000444297
3,82,5,1.0446890220923426e-05,1.704908830764207e-05,2.246232522412928e-06,0.259949700004654
3,47,5,0.00011657101783074325,0.0003292996490981204,2.065272771226108e-05,0.2608624999993481
3,21,5,0.0001988222217052785,0.000322999957652599,6.913402187454356e-05,0.26262470000074245
3,48,5,4.563412060850179e-05,0.00010516920685545821,1.3467197830466019e-06,0.26066759999957867
3,46,5,8.297555346509382e-05,0.0001823750017665522,2.6544346642712952e-05,0.2645373999985168
3,27,5,0.00030844254193262776,0.0006583168494044942,6.264255805276101e-05,0.28062130000034813
3,86,5,6.903968666555825e-05,0.00012513934298998122,3.1716360034606674e-05,0.25655079999705777
3,35,5,0.0001996495957552307,0.000319201342932951,7.249736183514272e-05,0.25935870000103023
3,90,5,5.967092191000967e-05,0.00010352299655921806,7.190004236286071e-06,0.25868959999934305
3,88,5,0.00025901391530866273,0.0003563183498723665,7.935937792352448e-05,0.27001590000872966
3,83,5,0.00013010819483450176,0.00025306853335507447,2.4422598207922133e-05,0.2546643999958178
3,10,5,0.00012975751584372625,0.00021296604658302247,4.1358472985193735e-05,0.2605519000062486
3,78,5,0.0001305217374676725,0.00023037262472527562,2.1204928122318308e-05,0.26201140000193845
3,82,5,1.0446890220923426e-05,1.704908830764207e-05,2.246232522412928e-06,0.2700518999918131
3,22,5,1.2890650680827771e-05,2.1601510094931028e-05,4.898434053705763e-06,0.2633099999948172
3,69,5,7.011975121651563e-05,0.00015099321835971248,9.941419618866256e-06,0.2759282000042731
3,94,5,8.755321789163604e-05,0.0001200193457653413,4.484172293651572e-05,0.23100939999858383
3,32,5,1.825029063601213e-05,4.190695825394125e-05,2.0186326907791558e-06,0.23503910000727046
3,21,5,0.0001988222217052785,0.000322999957652599,6.913402187454356e-05,0.23284900000726338
4,82,7,2.1812981587884454e-06,3.568704161656286e-06,1.2402833648306757e-06,0.44296549999853596
4,15,7,7.048065156293698e-07,2.231197766326453e-06,2.7405657392694756e-07,0.43938619999971706
4,4,7,1.3255488707688663e-06,3.3018908369365757e-06,4.015635902075211e-07,0.4360523000068497
4,95,7,9.264062899282614e-06,1.435890561772576e-05,1.470467942514539e-06,0.4398150000051828
4,36,7,1.7477382550639844e-06,3.785242898081968e-06,7.323993069903957e-07,0.4367733999970369
4,32,7,1.9283090818294117e-06,3.914486928279132e-06,6.478011655940369e-07,0.4384118000016315
4,29,7,4.5004207593438627e-07,1.3886146988677587e-06,3.552471128166406e-08,0.4443205000134185
4,18,7,2.8906249996285184e-06,7.920618356242494e-06,1.7237620009279385e-07,0.43567299999995157
4,95,7,9.264062899282614e-06,1.435890561772576e-05,1.470467942514539e-06,0.4417046000016853
4,14,7,2.830388051233881e-06,5.4354419782652925e-06,9.276376769261959e-07,0.4404251999949338
4,87,7,1.339908077995494e-06,2.6172662294421932e-06,5.206387057516458e-07,0.4357837000134168
4,95,7,9.264062899282614e-06,1.435890561772576e-05,1.470467942514539e-06,0.4368023999995785
4,70,7,2.686458621859295e-06,5.234682771802483e-06,5.159113488843301e-07,0.43473330000415444
4,12,7,3.525061749470484e-07,7.070041010074426e-07,5.123178778180336e-08,0.436362199994619
4,76,7,2.710516524193001e-06,6.016155406068535e-06,1.0593555506280426e-06,0.43461920000845566
4,55,7,3.0553832929454344e-06,1.0922487666000668e-05,3.774757128491089e-07,0.4375752000050852
4,5,7,5.163863514916793e-07,1.0081958555648304e-06,1.7127336086528832e-08,0.4327307000057772
4,4,7,1.3255488707688663e-06,3.3018908369365757e-06,4.015635902075211e-07,0.43454829999245703
4,12,7,3.525061749470484e-07,7.070041010074426e-07,5.123178778180336e-08,0.44019660000049043
4,28,7,5.477627520301839e-07,8.439959928722555e-07,1.2573903604473783e-07,0.43604420000337996
4,30,7,2.0009921090310574e-06,3.7075769041008638e-06,7.423449230374053e-07,0.46529879998706747
4,65,7,3.786114856636349e-07,1.1102076509079719e-06,5.661492923367919e-09,0.4742426000011619
4,78,7,7.113261299620546e-07,1.2700126718317317e-06,1.8352053778292783e-07,0.45010289999481756
4,4,7,1.3255488707688663e-06,3.3018908369365757e-06,4.015635902075211e-07,0.4093855999963125
4,72,7,3.24696632231301e-07,6.883563651910913e-07,1.2587076320079595e-07,0.4180162999982713
4,26,7,5.902790084536238e-07,1.0703161596409956e-06,2.966727697387834e-07,0.4207377999991877
4,92,7,5.511180135063678e-07,1.6019928213186908e-06,1.2691131059258674e-07,0.41002039999875706
4,84,7,8.062825872093119e-07,2.607993174766591e-06,3.219102274550843e-07,0.4276872999907937
4,90,7,1.5369789561020198e-06,3.7978939102752593e-06,2.9037558373762393e-07,0.4227900999976555
4,70,7,2.686458621859295e-06,5.234682771802483e-06,5.159113488843301e-07,0.4310484000016004
4,54,7,3.2627476851818133e-06,8.705806070955547e-06,8.798045674680492e-07,0.43199060000188183
4,29,7,4.5004207593438627e-07,1.3886146988677587e-06,3.552471128166406e-08,0.4202640000003157
4,58,7,2.8664279289710424e-07,7.844917540022177e-07,2.6547940336192126e-08,0.43004770000698045
4,76,7,2.710516524193001e-06,6.016155406068535e-06,1.0593555506280426e-06,0.42209139998885803
4,36,7,1.7477382550639844e-06,3.785242898081968e-06,7.323993069903957e-07,0.422111899999436
4,1,7,4.946043094368072e-06,1.122628049150581e-05,1.8904661829116517e-07,0.41321009999956004
4,98,7,7.300120309240561e-07,1.6336682127642717e-06,1.177953069837508e-07,0.4085126999998465
4,21,7,4.2296441546214325e-06,1.0498622437203454e-05,1.6036357032051567e-07,0.42811139998957515
4,90,7,1.5369789561020198e-06,3.7978939102752593e-06,2.9037558373762393e-07,0.4287093000020832
4,55,7,3.0553832929454344e-06,1.0922487666000668e-05,3.774757128491089e-07,0.4219220000086352
4,44,7,2.807701406140552e-07,5.554460250383558e-07,7.520889253827542e-08,0.43131639999046456
4,36,7,1.7477382550639844e-06,3.785242898081968e-06,7.323993069903957e-07,0.4183344999910332
4,20,7,8.094199391857848e-07,1.556961516202045e-06,2.8032339449416573e-07,0.4177818999887677
4,28,7,5.477627520301839e-07,8.439959928722555e-07,1.2573903604473783e-07,0.4206142000039108
4,98,7,7.300120309240561e-07,1.6336682127642717e-06,1.177953069837508e-07,0.43546710000373423
4,44,7,2.807701406140552e-07,5.554460250383558e-07,7.520889253827542e-08,0.42949460000090767
4,14,7,2.830388051233881e-06,5.4354419782652925e-06,9.276376769261959e-07,0.43338639999274164
4,12,7,3.525061749470484e-07,7.070041010074426e-07,5.123178778180336e-08,0.42775599999004044
4,49,7,2.7586593822744526e-07,4.462586355407191e-07,7.271781737690276e-08,0.4292119999881834
4,13,7,1.961012220527731e-06,4.000095682881557e-06,5.473345271839449e-07,0.4248098999960348
4,46,7,9.540756860052656e-07,2.873146061131622e-06,1.0796694068208972e-07,0.4154963999899337
4,45,7,5.086932590650647e-07,8.434803764482976e-07,2.399161827278354e-07,0.4169008000026224
4,78,7,7.113261299620546e-07,1.2700126718317317e-06,1.8352053778292783e-07,0.43146140000317246
4,34,7,3.783293536232532e-07,9.287370063989738e-07,6.336578626066481e-08,0.42492390000552405
4,6,7,1.7868043959152445e-06,4.64071748794133e-06,5.28222459634856e-07,0.42249050000100397
4,94,7,1.150448079038994e-06,1.5629967536875895e-06,1.3138398782514605e-07,0.4277074999990873
4,59,7,3.9535983670905625e-06,5.4092348849804454e-06,1.403248126843245e-06,0.43199480000475887
4,69,7,3.1321033564461646e-07,6.45499423293461e-07,1.4333283486329694e-07,0.41754819999914616
4,16,7,1.4616013792442463e-06,3.3901876525636414e-06,2.0891155881632408e-08,0.5188798000017414
4,49,7,2.7586593822744526e-07,4.462586355407191e-07,7.271781737690276e-08,0.9362478999973973
4,11,7,1.079578692672353e-06,2.0960315511544015e-06,6.432543117202464e-08,0.6775373000127729
4,71,7,2.9710501361101013e-07,6.809683392280117e-07,8.451018507090849e-08,0.4587933000002522
4,38,7,1.0480057774806457e-06,1.861295722737434e-06,1.4853838141807483e-07,0.43568609999783803
4,81,7,4.420948047228678e-07,9.414017941952964e-07,1.9129870706844678e-08,0.4118075000005774
4,80,7,1.480095124581752e-06,2.5946180441674897e-06,2.6353519645134286e-07,0.4287575000053039
4,47,7,1.226052692727385e-06,2.0105710528982152e-06,3.185399391257188e-07,0.44540219999908004
4,74,7,3.671676915816007e-07,9.401459610861536e-07,6.02048775762106e-08,0.44498649999150075
4,25,7,2.0261950731064983e-06,5.628614635244978e-06,4.6494752126460663e-07,0.4427297000074759
4,91,7,1.1591004126849657e-06,3.7987003585444444e-06,1.8401675687775114e-07,0.44519810000201687
4,9,7,1.3845982950915845e-06,2.982760803108548e-06,2.778115051751474e-07,0.4384874000097625
4,6,7,1.7868043959152445e-06,4.64071748794133e-06,5.28222459634856e-07,0.4434569000004558
4,85,7,3.7374772814511944e-07,5.829630716422466e-07,2.3466897489508505e-07,0.45242590000270866
4,30,7,2.0009921090310574e-06,3.7075769041008638e-06,7.423449230374053e-07,0.44119290000526235
4,99,7,1.3332182328073864e-07,2.528887913227537e-07,2.145136830241954e-08,0.4400448999949731
4,38,7,1.0480057774806457e-06,1.861295722737434e-06,1.4853838141807483e-07,0.4390722999960417
4,11,7,1.079578692672353e-06,2.0960315511544015e-06,6.432543117202464e-08,0.43955860000278335
4,30,7,2.0009921090310574e-06,3.7075769041008638e-06,7.423449230374053e-07,0.44164570000430103
4,13,7,1.961012220527731e-06,4.000095682881557e-06,5.473345271839449e-07,0.44068240000342485
4,49,7,2.7586593822744526e-07,4.462586355407191e-07,7.271781737690276e-08,0.44344050000654534
4,36,7,1.7477382550639844e-06,3.785242898081968e-06,7.323993069903957e-07,0.4409222999966005
4,59,7,3.9535983670905625e-06,5.4092348849804454e-06,1.403248126843245e-06,0.4418135000014445
4,82,7,2.1812981587884454e-06,3.568704161656286e-06,1.2402833648306757e-06,0.4410463000094751
4,47,7,1.226052692727385e-06,2.0105710528982152e-06,3.185399391257188e-07,0.439887100001215
4,21,7,4.2296441546214325e-06,1.0498622437203454e-05,1.6036357032051567e-07,0.43815190000168514
4,48,7,1.6596478266264618e-06,6.122678043656021e-06,4.7561801841827935e-07,0.44113320000178646
4,46,7,9.540756860052656e-07,2.873146061131622e-06,1.0796694068208972e-07,0.4425055000028806
4,27,7,5.871513536790498e-07,1.7907967286707383e-06,1.4074800459048456e-07,0.44184060000407044
4,86,7,5.832091581099391e-07,1.5032655546236914e-06,1.94891633793963e-07,0.44682290000491776
4,35,7,1.8996243235764697e-06,4.2487197999612486e-06,6.340288722228559e-07,0.4377478000096744
4,90,7,1.5369789561020198e-06,3.7978939102752593e-06,2.9037558373762393e-07,0.4409252000041306
4,88,7,1.7455680174316382e-06,4.362842625733384e-06,5.458999060120949e-07,0.46811829999205656
4,83,7,1.9687944652781104e-06,4.627928498696325e-06,7.511841711451737e-07,0.4218731000000844
4,10,7,1.1389454110535159e-06,2.3599988738929827e-06,3.8057965010815513e-07,0.4078224999975646
4,78,7,7.113261299620546e-07,1.2700126718317317e-06,1.8352053778292783e-07,0.412304999990738
4,82,7,2.1812981587884454e-06,3.568704161656286e-06,1.2402833648306757e-06,0.41459230000327807
4,22,7,1.1795028727974302e-06,2.339055827909991e-06,1.3233230305900364e-07,0.41296970000257716
4,69,7,3.1321033564461646e-07,6.45499423293461e-07,1.4333283486329694e-07,0.4160148999944795
4,94,7,1.150448079038994e-06,1.5629967536875895e-06,1.3138398782514605e-07,0.4136618000047747
4,32,7,1.9283090818294117e-06,3.914486928279132e-06,6.478011655940369e-07,0.41342270000313874
4,21,7,4.2296441546214325e-06,1.0498622437203454e-05,1.6036357032051567e-07,0.4162531000038143
5,82,9,1.5957549627776002e-08,3.4236217491103776e-08,1.899401168897572e-09,1.127518199995393
5,15,9,1.5013512384456807e-07,4.133297800318617e-07,2.3453188209096448e-09,1.163426300001447
5,4,9,2.0002175784551356e-08,3.979921888896761e-08,1.2672022061104146e-09,1.1252928000030806
5,95,9,5.883682022081989e-09,9.399949338436044e-09,3.2300435061935504e-09,1.1840651000093203
5,36,9,8.31076467267116e-09,1.6442724616631014e-08,3.865078097274525e-09,1.1422336999967229
5,32,9,9.072334675480937e-09,1.8520043289816307e-08,1.679147384074418e-09,1.2114626000111457
5,29,9,2.6428324919171657e-08,1.0594235206875882e-07,5.409414709880276e-09,1.2540608000126667
5,18,9,1.2855131719313277e-08,3.710846015502604e-08,1.0079088451230032e-09,1.160000100004254
5,95,9,5.883682022081989e-09,9.399949338436044e-09,3.2300435061935504e-09,1.124398599989945
5,14,9,5.8288346568585365e-09,1.6395828340534927e-08,1.6104841072227824e-09,1.1576396000018576
5,87,9,5.8837858164532174e-09,9.635349259957621e-09,1.023590797493048e-09,1.2023783000040567
5,95,9,5.883682022081989e-09,9.399949338436044e-09,3.2300435061935504e-09,1.218522799987113
5,70,9,8.912376617397319e-09,4.335393933740293e-08,5.064074407811726e-10,1.1867129999882309
5,12,9,6.254202666982315e-08,2.0506578369611732e-07,1.0603908040316782e-09,1.1247683000110555
5,76,9,8.244302380831695e-09,1.98883470065289e-08,1.1154446388193763e-09,1.1544769999891287
5,55,9,6.544372596315129e-09,2.1372296106210946e-08,1.2975884099967897e-09,1.214260100008687
5,5,9,3.315963509752671e-09,1.0132088408031232e-08,2.1325989814595274e-10,1.2126848000043537
5,4,9,2.0002175784551356e-08,3.979921888896761e-08,1.2672022061104146e-09,1.1894228999881307
5,12,9,6.254202666982315e-08,2.0506578369611732e-07,1.0603908040316782e-09,1.1564336000010371
5,28,9,7.026767031881774e-09,1.3452812213669942e-08,4.136067756678156e-09,1.142191399994772
5,30,9,7.046351338797655e-08,2.543549911371965e-07,1.3081741524222311e-08,1.1960183999908622
5,65,9,4.345133430773357e-09,7.340480838022868e-09,5.259285867669314e-10,1.2649820999940857
5,78,9,3.6332867689044256e-09,9.073276003004366e-09,8.753340758666748e-10,1.2690761999983806
5,4,9,2.0002175784551356e-08,3.979921888896761e-08,1.2672022061104146e-09,1.2028397999965819
5,72,9,6.499689405658525e-09,1.0592464655864026e-08,3.678577022145355e-09,1.2766161000035936
5,26,9,2.924440997978175e-09,5.707858499330147e-09,6.3945016820578e-10,1.304215700001805
5,92,9,2.816389633532167e-09,5.645641937327816e-09,9.417944455609415e-10,1.3483474000095157
5,84,9,1.8609674270385776e-08,3.606641323431383e-08,3.1098347819682593e-09,1.1475734000123339
5,90,9,4.45928548026184e-09,8.237384965725263e-09,7.387630053781862e-10,1.1789577000017744
5,70,9,8.912376617397319e-09,4.335393933740293e-08,5.064074407811726e-10,1.1660004000004847
5,54,9,1.8077509020775257e-08,4.786930263781401e-08,7.3241543201422635e-09,1.1759095000015805
5,29,9,2.6428324919171657e-08,1.0594235206875882e-07,5.409414709880276e-09,1.1909388999920338
5,58,9,1.4408186595968638e-08,3.5877830593277153e-08,1.2044335027366965e-09,1.1598243000044022
5,76,9,8.244302380831695e-09,1.98883470065289e-08,1.1154446388193763e-09,1.1833197000087239
5,36,9,8.31076467267116e-09,1.6442724616631014e-08,3.865078097274525e-09,1.1234283999947365
5,1,9,3.0891262941115313e-09,6.9037246552797235e-09,4.062677593347885e-10,1.1402899999957299
5,98,9,1.1817949677654246e-08,2.5734406291061572e-08,3.814127775679672e-09,1.2089860000123736
5,21,9,3.7226741975324437e-09,7.392704609174801e-09,3.82248659888202e-10,1.1851989999995567
5,90,9,4.45928548026184e-09,8.237384965725263e-09,7.387630053781862e-10,1.196390799988876
5,55,9,6.544372596315129e-09,2.1372296106210946e-08,1.2975884099967897e-09,1.2264909999939846
5,44,9,5.838836914191699e-09,1.497013890822491e-08,7.466359111820534e-10,1.1937759999855189
5,36,9,8.31076467267116e-09,1.6442724616631014e-08,3.865078097274525e-09,1.2068456999986665
5,20,9,1.606008383096733e-08,5.973739149969989e-08,2.136036811346793e-09,1.1882536000048276
5,28,9,7.026767031881774e-09,1.3452812213669942e-08,4.136067756678156e-09,1.146783799995319
5,98,9,1.1817949677654246e-08,2.5734406291061572e-08,3.814127775679672e-09,1.2405086000071606
5,44,9,5.838836914191699e-09,1.497013890822491e-08,7.466359111820534e-10,1.1801215000014054
5,14,9,5.8288346568585365e-09,1.6395828340534927e-08,1.6104841072227824e-09,1.2737450999993598
5,12,9,6.254202666982315e-08,2.0506578369611732e-07,1.0603908040316782e-09,1.2534805000032065
5,49,9,4.374350544816046e-09,8.619920689407084e-09,2.0982172381402376e-10,1.1677032000006875
5,13,9,2.9406368403376485e-08,5.167008067967684e-08,4.552065993127423e-09,1.1934102000086568
5,46,9,5.755783136017895e-09,1.258896008276974e-08,1.157869980279888e-09,1.1702593000081833
5,45,9,1.0729863010096739e-08,2.1035453647319875e-08,2.9315103162600664e-09,1.1772879000054672
5,78,9,3.6332867689044256e-09,9.073276003004366e-09,8.753340758666748e-10,1.1721457000094233
5,34,9,2.0498389719488365e-08,5.328831885218779e-08,1.0609737544039005e-09,1.230567400009022
5,6,9,4.06775231406511e-09,7.3515048096263685e-09,2.185664933299932e-09,1.155676800000947
5,94,9,3.330477922352305e-08,1.0503518711446998e-07,3.5412879288537675e-09,1.137711000003037
5,59,9,1.5560319952860835e-09,2.7643290821766304e-09,2.1415290217790599e-10,1.169647900009295
5,69,9,1.3358685138438421e-08,3.493195409433769e-08,5.700923854992591e-09,1.190759999997681
5,16,9,2.7348428638879976e-08,4.255740915557561e-08,1.8326310337497412e-09,1.2421284000010928
5,49,9,4.374350544816046e-09,8.619920689407084e-09,2.0982172381402376e-10,1.2715993000019807
5,11,9,4.734472247254812e-09,1.4724144250658726e-08,4.1116777282904567e-10,1.153077500013751
5,71,9,3.0970556980625605e-09,1.2412533728456956e-08,2.995560713971952e-10,1.2104543000023114
5,38,9,8.359520459776676e-09,1.4224930123571366e-08,3.4956786333835657e-09,1.2231651000038255
5,81,9,3.1866812562157705e-09,6.242845788469197e-09,5.357870222915875e-10,1.2385089000017615
5,80,9,9.65822964381025e-09,2.1448690904374874e-08,8.741654465070991e-10,1.2389484000013908
5,47,9,2.2181686207055767e-08,5.3985433858177346e-08,3.6457606610193513e-09,1.2602430999977514
5,74,9,9.853027134502495e-09,1.774942008034197e-08,2.0750250332907445e-09,1.2433841000020038
5,25,9,3.988463250354992e-09,7.890133608864085e-09,3.4548898756333174e-10,1.1925559999945108
5,91,9,2.537705155661193e-09,5.061129726011283e-09,1.2002022285045892e-10,1.1317755000054603
5,9,9,1.7997232574705926e-08,3.925441754789872e-08,9.245406189805709e-10,1.2071223000093596
5,6,9,4.06775231406511e-09,7.3515048096263685e-09,2.185664933299932e-09,1.1854288000031374
5,85,9,1.665381694293808e-08,5.069550485536484e-08,4.352666300583527e-09,1.142402299999958
5,30,9,7.046351338797655e-08,2.543549911371965e-07,1.3081741524222311e-08,1.1681425999995554
5,99,9,3.663487161500163e-09,1.3541662168530912e-08,7.861515955388159e-10,1.2355288000107976
5,38,9,8.359520459776676e-09,1.4224930123571366e-08,3.4956786333835657e-09,1.1638715000008233
5,11,9,4.734472247254812e-09,1.4724144250658726e-08,4.1116777282904567e-10,1.1497534999944037
5,30,9,7.046351338797655e-08,2.543549911371965e-07,1.3081741524222311e-08,1.209832099993946
5,13,9,2.9406368403376485e-08,5.167008067967684e-08,4.552065993127423e-09,1.1452362999989418
5,49,9,4.374350544816046e-09,8.619920689407084e-09,2.0982172381402376e-10,1.252992699999595
5,36,9,8.31076467267116e-09,1.6442724616631014e-08,3.865078097274525e-09,1.1983028999966336
5,59,9,1.5560319952860835e-09,2.7643290821766304e-09,2.1415290217790599e-10,1.1478188000037335
5,82,9,1.5957549627776002e-08,3.4236217491103776e-08,1.899401168897572e-09,1.1711820000055013
5,47,9,2.2181686207055767e-08,5.3985433858177346e-08,3.6457606610193513e-09,1.2303976000112016
5,21,9,3.7226741975324437e-09,7.392704609174801e-09,3.82248659888202e-10,1.1739931000047363
5,48,9,5.740430546193605e-09,1.474265441879357e-08,8.145505237663832e-10,1.1718436000082875
5,46,9,5.755783136017895e-09,1.258896008276974e-08,1.157869980279888e-09,1.2439077999879373
5,27,9,3.736842503619224e-09,8.657679111770564e-09,8.611800056573808e-10,1.1637554000044474
5,86,9,6.7324640319701255e-09,2.508935154009151e-08,1.093411262084954e-09,1.2245639000029769
5,35,9,6.160637528105451e-09,1.7248631375800162e-08,1.5350997086873412e-09,1.2185423000046285
5,90,9,4.45928548026184e-09,8.237384965725263e-09,7.387630053781862e-10,1.2182070999988355
5,88,9,2.8923201917368084e-09,8.811515025041565e-09,2.9895925787447435e-10,1.197528599994257
5,83,9,2.2467138063218883e-08,6.798761699569854e-08,5.401819555840425e-09,1.183166299990262
5,10,9,1.0695458050475985e-08,3.565852846763421e-08,1.89871911285112e-09,1.1653851000010036
5,78,9,3.6332867689044256e-09,9.073276003004366e-09,8.753340758666748e-10,1.1381065000023227
5,82,9,1.5957549627776002e-08,3.4236217491103776e-08,1.899401168897572e-09,1.1737616999889724
5,22,9,6.163012021867817e-09,1.6167678204551e-08,3.559600012855035e-10,1.1616642000008142
5,69,9,1.3358685138438421e-08,3.493195409433769e-08,5.700923854992591e-09,1.1377535999927204
5,94,9,3.330477922352305e-08,1.0503518711446998e-07,3.5412879288537675e-09,1.1744879000034416
5,32,9,9.072334675480937e-09,1.8520043289816307e-08,1.679147384074418e-09,1.1866287000011653
5,21,9,3.7226741975324437e-09,7.392704609174801e-09,3.82248659888202e-10,1.192009299993515
6,82,11,6.469779742139178e-11,1.7446723962333145e-10,4.060123802259865e-12,7.053403099998832
6,15,11,1.22233850736162e-10,3.4897555587001235e-10,2.111443745075386e-11,6.837287599992123
6,4,11,2.7580051173071174e-11,5.3944974590395805e-11,6.786243155043296e-12,6.934286500007147
6,95,11,7.005197121605061e-11,1.6725428648849854e-10,1.5541557839856696e-11,6.931821000005584
6,36,11,7.514755547291632e-11,1.240989402740931e-10,3.438263152586935e-11,7.201192599997739
6,32,11,2.5306714225268197e-11,6.633441770626826e-11,5.015137963023391e-12,7.792904000001727
6,29,11,1.1284806011782285e-10,3.2004821692123953e-10,1.811411489396098e-11,7.1688583999930415
6,18,11,7.991474084131425e-11,3.020744583014353e-10,8.51142396731254e-12,6.855622899995069
6,95,11,7.005197121605061e-11,1.6725428648849854e-10,1.5541557839856696e-11,6.6686355999991065
6,14,11,3.747096475900011e-10,7.809290889331476e-10,1.2319019188272897e-10,6.7440230999927735
6,87,11,4.906194757916565e-11,1.739042181595243e-10,7.386669624646339e-12,6.751376700005494
6,95,11,7.005197121605061e-11,1.6725428648849854e-10,1.5541557839856696e-11,6.768712300006882
6,70,11,4.3608268020379084e-10,1.1729945564032735e-09,5.7258464913225326e-11,6.772710000004736
6,12,11,6.17502748098029e-11,1.9310951638193209e-10,2.9483160981416486e-12,6.736337900001672
6,76,11,2.881174059645701e-10,7.478018567481474e-10,3.083972536073606e-11,6.873481700007687
6,55,11,5.799833695751071e-11,1.2839522183372218e-10,6.87782831729609e-12,6.75587260001339
6,5,11,1.1370166006251604e-10,3.4202223529189007e-10,7.546549222473131e-12,6.777020399997127
6,4,11,2.7580051173071174e-11,5.3944974590395805e-11,6.786243155043296e-12,6.759826099994825
6,12,11,6.17502748098029e-11,1.9310951638193209e-10,2.9483160981416486e-12,6.741241199997603
6,28,11,1.724340458774717e-10,3.9207628068104207e-10,3.811431993192995e-11,6.753884200006723
6,30,11,3.2114087556205797e-10,8.490311194467645e-10,2.9697749292062906e-11,6.752082899998641
6,65,11,4.3890742435444946e-11,9.271137560137741e-11,7.91052736813587e-12,6.7477307000081055
6,78,11,3.612118590998747e-10,1.0403096744252933e-09,1.1489998988834333e-10,6.998645300001954
6,4,11,2.7580051173071174e-11,5.3944974590395805e-11,6.786243155043296e-12,6.931632899999386
6,72,11,1.6723290123142263e-10,3.396926791719425e-10,7.260891944966021e-11,6.811749500004225
6,26,11,9.60877470414026e-11,3.779907844399813e-10,5.293125937668517e-12,6.885137700010091
6,92,11,1.8280689585573857e-10,6.907431662304269e-10,3.4499642583748975e-11,6.837197000000742
6,84,11,8.316553196927763e-11,2.311681768493865e-10,1.7189844391286484e-11,6.793122200004291
6,90,11,3.2635555442998783e-11,7.78395903272017e-11,5.847072321004888e-12,6.787688199998229
6,70,11,4.3608268020379084e-10,1.1729945564032735e-09,5.7258464913225326e-11,6.8190999000071315
6,54,11,7.60726390235445e-11,2.201848773796047e-10,1.0709301483249321e-11,6.781943499998306
6,29,11,1.1284806011782285e-10,3.2004821692123953e-10,1.811411489396098e-11,6.834334800005308
6,58,11,6.806235032655846e-10,1.955848319960374e-09,6.694891352017382e-11,6.779094700003043
6,76,11,2.881174059645701e-10,7.478018567481474e-10,3.083972536073606e-11,6.848458000007668
6,36,11,7.514755547291632e-11,1.240989402740931e-10,3.438263152586935e-11,7.432706500010681
6,1,11,3.6324514879827657e-10,8.189467620151947e-10,2.7716520616617193e-11,6.937873599992599
6,98,11,6.17766942882048e-11,1.4772762711744915e-10,2.6242522324690695e-11,6.846804000000702
6,21,11,1.5293741505096738e-10,3.4565300329297605e-10,1.9094600259945173e-11,6.831865499989362
6,90,11,3.2635555442998783e-11,7.78395903272017e-11,5.847072321004888e-12,6.807600100000855
6,55,11,5.799833695751071e-11,1.2839522183372218e-10,6.87782831729609e-12,6.865584899991518
6,44,11,1.5223409647120177e-10,5.810943850251815e-10,1.2646763800795085e-12,6.822142200006056
6,36,11,7.514755547291632e-11,1.240989402740931e-10,3.438263152586935e-11,6.87174380000215
6,20,11,4.847767737733302e-10,1.2555033385358517e-09,2.1429943353560782e-11,6.825925500001176
6,28,11,1.724340458774717e-10,3.9207628068104207e-10,3.811431993192995e-11,6.874021499999799
6,98,11,6.17766942882048e-11,1.4772762711744915e-10,2.6242522324690695e-11,6.809866299998248
6,44,11,1.5223409647120177e-10,5.810943850251815e-10,1.2646763800795085e-12,6.851494599992293
6,14,11,3.747096475900011e-10,7.809290889331476e-10,1.2319019188272897e-10,6.830641699998523
6,12,11,6.17502748098029e-11,1.9310951638193209e-10,2.9483160981416486e-12,6.8842748000024585
6,49,11,6.277845744528308e-11,1.5175120571347658e-10,4.494109664325866e-12,6.824497900001006
6,13,11,1.8164280738550675e-10,7.306723298240261e-10,2.371329900780996e-11,6.790294299993548
6,46,11,4.6474750320379864e-11,1.492142552415682e-10,4.5565744256947905e-12,6.836210499997833
6,45,11,1.2361489845763167e-10,2.84314156828126e-10,2.1051094574417497e-11,6.782502200003364
6,78,11,3.612118590998747e-10,1.0403096744252933e-09,1.1489998988834333e-10,6.857962200010661
6,34,11,1.471304769865759e-10,3.4655887223438676e-10,3.899025637898845e-11,6.803512900005444
6,6,11,2.6007963741756125e-10,7.65318551175081e-10,8.978008701869944e-12,6.830610799996066
6,94,11,6.234387577763378e-11,1.6933501044419277e-10,1.1896468476706283e-11,7.036512200007564
6,59,11,7.893693292824274e-11,1.9596722127978869e-10,8.491539033041517e-12,6.849266399993212
6,69,11,1.246778905421904e-10,2.1744127812589958e-10,1.6363700764373873e-11,6.782230199998594
6,16,11,6.783023282852972e-10,2.2432604390333764e-09,4.878297159005408e-11,6.79465659998823
6,49,11,6.277845744528308e-11,1.5175120571347658e-10,4.494109664325866e-12,6.738462400011485
6,11,11,1.4517733777730244e-10,3.0224945170139373e-10,5.663067262481054e-11,6.774636100002681
6,71,11,4.499518660501915e-10,1.136804468779204e-09,1.4766023397733422e-10,7.232737799989991
6,38,11,9.00645700554382e-11,2.55746426317884e-10,1.049293589492641e-11,6.7808553999930155
6,81,11,2.068083976552488e-10,7.061420300689471e-10,3.4122359812082995e-11,6.8516942000132985
6,80,11,8.95098696909884e-11,1.998272525453956e-10,9.113511663393583e-12,6.79890009999508
6,47,11,1.9865466512105075e-10,4.542181174966973e-10,6.309830316200521e-11,6.849213800000143
6,74,11,9.499497447557067e-11,2.136580801748806e-10,4.287174434617837e-11,6.755231099989032
6,25,11,2.2195896544499292e-10,6.514944882511248e-10,4.8550252518427746e-11,6.791379300004337
6,91,11,5.52906534065012e-10,1.0052797302514336e-09,2.707831811765036e-10,6.760958999991999
6,9,11,1.4258774043424124e-10,2.7681933040993695e-10,2.4919011041621454e-11,6.819336000000476
6,6,11,2.6007963741756125e-10,7.65318551175081e-10,8.978008701869944e-12,6.924882600011188
6,85,11,1.4067502486642213e-10,3.0663984780905125e-10,2.8870533630357238e-11,6.802474699987215
6,30,11,3.2114087556205797e-10,8.490311194467645e-10,2.9697749292062906e-11,6.814225699999952
6,99,11,1.1205879370060045e-10,2.912999016803313e-10,1.2407319561454971e-11,6.7697566999995615
6,38,11,9.00645700554382e-11,2.55746426317884e-10,1.049293589492641e-11,6.817662000001292
6,11,11,1.4517733777730244e-10,3.0224945170139373e-10,5.663067262481054e-11,6.786205799988238
6,30,11,3.2114087556205797e-10,8.490311194467645e-10,2.9697749292062906e-11,6.824337000012747
6,13,11,1.8164280738550675e-10,7.306723298240261e-10,2.371329900780996e-11,6.779789599997457
6,49,11,6.277845744528308e-11,1.5175120571347658e-10,4.494109664325866e-12,6.807344200002262
6,36,11,7.514755547291632e-11,1.240989402740931e-10,3.438263152586935e-11,6.780961900003604
6,59,11,7.893693292824274e-11,1.9596722127978869e-10,8.491539033041517e-12,6.818221000008634
6,82,11,6.469779742139178e-11,1.7446723962333145e-10,4.060123802259865e-12,6.776781299995491
6,47,11,1.9865466512105075e-10,4.542181174966973e-10,6.309830316200521e-11,6.779163100000005
6,21,11,1.5293741505096738e-10,3.4565300329297605e-10,1.9094600259945173e-11,6.845098299992969
6,48,11,5.8115777523194097e-11,1.0247580830914226e-10,2.5887990214282246e-11,6.786863899993477
6,46,11,4.6474750320379864e-11,1.492142552415682e-10,4.5565744256947905e-12,7.193471300008241
6,27,11,2.1616146987098184e-10,4.1274254535299253e-10,9.997043586063095e-11,6.7746305000036955
6,86,11,1.8453997316029723e-10,5.40835432721185e-10,4.319049905338213e-11,6.859624200005783
6,35,11,2.080288304388973e-10,4.4095693850836946e-10,2.3882380793120924e-11,6.786056500000996
6,90,11,3.2635555442998783e-11,7.78395903272017e-11,5.847072321004888e-12,6.839200400005211
6,88,11,5.5726918413450567e-11,1.2190890096935828e-10,3.837437246636438e-12,6.762442799998098
6,83,11,1.8338947421493946e-10,6.50595349350403e-10,1.2808415709968113e-11,6.793072600004962
6,10,11,5.091821301364655e-11,1.1590226645916465e-10,7.55033314225368e-12,6.7729085000028135
6,78,11,3.612118590998747e-10,1.0403096744252933e-09,1.1489998988834333e-10,6.750457600006484
6,82,11,6.469779742139178e-11,1.7446723962333145e-10,4.060123802259865e-12,6.81468809999933
6,22,11,1.9775240530789526e-10,6.209456881497958e-10,1.8470382972115105e-11,6.788301699998556
6,69,11,1.246778905421904e-10,2.1744127812589958e-10,1.6363700764373873e-11,6.812781500004348
6,94,11,6.234387577763378e-11,1.6933501044419277e-10,1.1896468476706283e-11,6.759878500000923
6,32,11,2.5306714225268197e-11,6.633441770626826e-11,5.015137963023391e-12,6.81681469999603
6,21,11,1.5293741505096738e-10,3.4565300329297605e-10,1.9094600259945173e-11,6.788399700002628
